filename,class,subset,PC1,PC2,PC3,PC4,PC5,PC6,PC7,PC8,PC9,PC10,PC11,PC12,PC13,PC14,PC15
benign_10,benign,train,1.0577443540877907,-8.93535588279225,-0.6717156726296686,-0.47044414414743196,0.9473956650368105,-1.152225949842218,-2.495856870490289,-1.310981181555705,0.01658438289261128,0.939236892711633,-0.967879916057416,0.1994574719448956,-0.4247963368999408,-0.7957543195740784,0.7994510241810996
benign_103,benign,train,2.251338684708946,-7.242163912869514,-1.1308735041162392,0.1508797210433934,1.7322665125690662,0.14269874921983275,-0.8438982988598795,0.057894847258607225,0.6022006074979913,1.2399546217530661,-0.7327000617267962,-0.21667264535182607,-0.15878110534305398,-0.33844350741017776,-0.09516152423755624
benign_107,benign,train,-0.4594309199808148,-0.6331050522539746,1.74949465248245,1.4287434775307266,0.20406466839283288,-1.0682887795528941,0.21208549088572717,-0.5861507105581625,-0.048752021605106804,0.47134695193964254,0.33255617947018706,-0.7037699425915143,0.6024137301827186,0.3522087465310276,-0.5035211223992148
benign_11,benign,test,-7.560963760834528,-1.2513384596197092,-1.0915466327187424,1.3587292536338382,-2.4103356472052,1.2129598252309557,0.7218067448753271,-0.035019599908413364,-1.519091636345208,0.12159045404780963,-0.5692414458522836,3.86265576683195,-0.7371614433302016,-0.16438658248687418,0.12449748528182678
benign_110,benign,train,1.740019043370899,-6.1212504798425345,-1.2083450713084725,-1.4481315545551299,4.001460688972044,2.3754243714464436,-1.426671840064938,1.2657665024844256,0.10834193952206857,1.8246326906650352,-0.9395158001308214,-0.0748043540962757,0.03812706432424205,-0.8040282109791341,-1.2827668830930425
benign_111,benign,train,-5.292993601009739,2.001683699052052,3.0862040980567933,2.7129211133838496,-0.8452117922626439,0.6023753372982822,0.7531465155132129,-1.262833059084408,-0.8435518610642955,0.8180532661791013,-0.12901366185968952,0.0212272575156716,-0.3992854433793027,-0.20726015985355742,0.12464890324179968
benign_112,benign,train,-6.022312532583575,1.1228875990882936,-0.001994279217150391,0.2837560067099076,2.426821433657525,0.67467592311647,-0.3693618829463899,-2.421536420324526,2.971231049516903,-0.7197842515056596,-1.4591743312440124,0.5251158510310134,2.006594514828579,0.4065649041432757,0.4971015891795139
benign_118,benign,train,-1.3037103516719624,-0.2204178428957111,2.1755966301125196,1.4226462397001272,-1.9072915003114421,-0.06431403527152564,0.37042107688954845,-0.02601990877812978,-0.3342906546948153,0.7118673802578708,0.8705929338233197,-0.5031269487858303,-0.4106623370483767,-0.6191022520359736,0.49038721068439967
benign_119,benign,test,1.6085070222714597,2.6315735174940587,0.6391192803334071,-1.7760037941036297,1.111687512396918,-2.3927175992004126,-0.7871848151743601,0.031207693664488174,0.9045179774705528,0.37968443449226863,0.3491191206497948,0.9648835462424599,-0.24693357822331888,0.7460344114627147,0.5181882227557396
benign_124,benign,val,-2.3790546204212024,-1.5192483885346575,1.349591459032141,-1.5936255513866542,-1.4983350225991878,1.8306178980435903,1.830562576416221,-0.2941230225000676,-0.12255864123872803,0.5571767476662505,-0.6735981890008903,0.05906996900054934,-0.4590250195519399,1.1297277774987835,-0.9842946912155571
benign_125,benign,train,-2.148093577072813,0.471486411198581,2.347801323274117,1.0451836226214404,-2.5216399034428876,-0.21788257027769944,0.06681476549604362,-0.16462576956296257,0.7071004763080921,0.12889700224883302,-0.1544556006107704,-0.8478635070208234,0.6876571775276086,-0.2106649837763417,0.16161795508837204
benign_129,benign,train,-3.0743218150763525,-1.8021631188114866,1.772529843294186,0.7696689461398695,-0.934847136155936,0.011248422852779535,0.15633127338018213,1.1538171193723648,-1.0104757250816325,1.1576070869280335,-0.678641325310666,-0.8187359346691185,0.536043909802963,-0.22051631856727522,0.42645938211957113
benign_130,benign,test,-1.0997833057773665,-6.896633831879678,0.7713361294258336,-0.7352464457266652,0.3318294574225069,0.5577660590165936,-2.0104856224608425,-0.2636825368050434,0.3410365575474965,1.0891515419294822,0.23467627089856882,0.8498729163577207,-0.9113814061317297,0.02458237634548369,0.2921601378026692
benign_131,benign,test,0.6342064081014259,3.861722719151254,0.8843526098783934,0.7045391412516588,1.2053513301679966,-0.22725483272445698,0.3820586433553233,-0.5414840482542416,0.14808857523642902,0.515752792156051,-0.004001750418811079,-0.5006685548561176,0.25960359900948704,1.0949347458828436,-0.38462195829052825
benign_134,benign,train,-5.946497270656339,-0.9654851841301357,2.602306964707889,0.639199475835363,-1.8821188095904495,-1.000911967544925,0.3665112386727044,2.469126641840395,-2.289741703520087,-0.7998951405030529,0.7956890052212404,-0.9892413921105149,-2.0301515125462632,-0.43284344942705044,0.5095167552391533
benign_136,benign,train,-0.28257377693339397,-4.201754141503197,1.10829493799537,0.23268576043202394,-1.0018197847442,-0.1353597176314019,-0.7758483528837097,0.1159480471021208,0.9209436096003528,1.0972945543848194,0.549687477247716,0.20110099977075502,-0.23466994329484245,0.5655036401343412,-0.45012448458227555
benign_137,benign,train,-1.2959326737081434,-1.1617916589090818,2.344669036264493,0.17137984611236778,-0.4695524939904817,-2.913555983707273,0.6559623856172303,0.9619140006911778,0.2789567654199888,0.16668359025351295,0.4357266060797272,0.25828508811144185,0.23169003484569498,0.5418916293103485,-0.08090069849043213
benign_139,benign,train,-1.6642979791651895,-5.800207268840751,0.9843784260136452,-0.4961900942225472,-0.8982757621488949,0.16292392356813032,-1.2969123567281515,-0.8093443864134386,2.415127505178268,0.5678155242311472,-0.28492148279356155,0.5726865890672374,-0.24943274218469064,-0.4661684699650056,-0.5310514563196638
benign_14,benign,train,-8.248124391022568,-1.2614980123388069,-3.4914171356482617,1.5358472568880872,-1.1452066541040231,4.230237705810966,-0.23421670809174897,-1.822277035279086,1.4341111745918529,-0.48353004324409465,2.1299638037287094,2.741885381321235,-0.48088137647372714,-0.03257598082386471,-0.7199823653137094
benign_142,benign,val,-3.710520776998933,-2.7563882743566377,2.8737923740336804,0.01653382694485226,0.8653996879187043,-0.5259707535097363,1.117514137122352,0.9148521997388201,0.2433426764609212,0.3480493033760781,-1.0675505724384093,-2.6543238009214067,0.19958812932246442,0.5880471229932793,-1.3976917404347873
benign_143,benign,train,-6.126829772387099,1.0193686499156394,3.3395825411355333,1.0822593068598105,-0.16381018824468568,-0.3078847294257124,0.8877196081073734,1.381141331860725,-2.539275787891005,0.5376137973685181,-1.422614616107798,0.06416577074467923,-1.322556608472073,0.20734619650050592,1.2517016035473394
benign_144,benign,train,-7.835006519815772,-3.0571203394923185,1.6710160991423337,0.456552795004181,-2.284340026897687,0.1224951999394659,0.5281782162704294,1.3775288317738563,-0.0002069993080901293,-0.9112980548833867,-2.2576379041107257,0.16685698437276206,-0.3846895654914159,0.14123665803340488,0.6358706656852507
benign_145,benign,train,0.3086762829559462,-0.3042825394846186,1.3481409788545884,-4.115200715311521,-3.3035357817879594,0.8512167161082727,1.848186284239011,1.961107835431677,1.4393606684351856,1.722462655458104,1.580071871251461,0.44307314456880204,0.9047095283229276,-1.0152110243039298,0.34580840806665436
benign_146,benign,train,-5.911132047615321,4.449191689907488,2.49667600963339,1.5256330624504646,0.8114271300642295,-2.4713413825148005,0.8367094171470602,-0.7433409343993708,-2.6391236332154424,1.7088985287937282,-1.2911379688300393,0.04320174539580798,-0.11379296956481415,0.10999786458445067,0.47712081345012164
benign_147,benign,train,-2.1610479735751453,2.641407630803508,2.3809086381213036,-0.8871252884458138,-1.4204770894698886,-0.9043048826662129,0.4167590938736654,0.22768878364297943,-0.9482793240916114,-0.07533071161289408,0.3595995210226453,-1.2309772190205097,-0.553296005515205,-0.03543206596266306,0.5480021774790041
benign_148,benign,test,-2.464416918349013,-8.830686645749909,0.50280739513048,-0.8820763066077564,2.386764276599671,0.9475463562818719,-1.3635497085743644,-1.175782515091416,0.4947126890849707,1.6194610340909485,-0.20860688450983403,-0.048044474555403956,-1.01597735385072,0.22202811762715285,-1.1006687371527142
benign_149,benign,train,-0.5633950294397968,-0.9996978321770293,1.396606912676487,1.0745438911892697,-1.5927378921101647,-0.25709067293724025,-0.25287161705795136,0.5338172231146988,0.3148294318687349,0.36187070376446795,1.0543644705901394,-0.056197404867454136,0.026750340438738147,-0.25384299751354966,-0.412277982589695
benign_152,benign,train,2.4098512958388696,-3.97141204862718,-1.382576692597474,0.7916312842849287,-0.6368095790409638,0.43159309581857214,-0.5053804285994626,-0.6551107794574597,-0.11531348650831515,1.1275663639609776,-0.752081673993991,-0.10054941817133552,0.16489951466976288,0.10643051128936601,0.907448078924687
benign_155,benign,train,2.86401939964915,-2.6221560557631487,-0.7660644339897932,1.421415620772475,-0.58026992466331,0.366907813444867,-1.0078419203256768,-0.2054410182513009,-0.006699187671203165,0.5705594287162354,-0.13502903774790947,-0.4571771158468386,0.10828638712857233,-0.10693160887885773,0.5539498332100781
benign_156,benign,train,-2.281673634421875,-3.826865183002046,1.6172658859167448,0.47011941475561214,-0.5162184981468088,-0.014605812331118627,-0.11980609564239368,-0.00020290077329895804,-0.29286576224460154,1.1210839952980816,0.3029633935715132,-1.4301119015501866,-0.03228773720909295,-0.005630843727650345,-0.032372226502143615
benign_158,benign,test,2.243607257427227,-6.460596958081969,-1.6454845700925862,-1.1448130763905497,4.8007955705180265,2.284629214124875,0.41975736275139935,1.6875664292705135,0.29578119191950875,2.3473234735148703,-0.19184306223315345,0.05868121499489703,0.27470580690870045,1.4379706645315338,-1.1689250922190408
benign_159,benign,train,-0.7074035166563115,0.2593510369400677,0.6036099058647162,-5.162637214643349,0.6288054840292725,0.7194124079886798,3.619807894308506,2.8993390060780024,0.2569435146794168,2.009794238731081,1.3514129123502574,-0.14475041989713938,0.5466747414435023,-1.8169187484732003,-0.3107459980349828
benign_160,benign,train,-3.9210727810126604,-1.7578061020234832,2.7687014632635254,0.8752196889610051,-1.2215257104273696,-0.02196234806419404,-0.5232169582350001,0.2538423966006788,-1.0422737043986576,-0.6888917412485952,-1.2442901574885574,-0.710078055095206,0.09996308303175057,0.2777659494389888,0.4110368100990601
benign_165,benign,test,-0.5655633334243552,4.079939181719966,1.0318407720716964,-5.578063708372078,-0.7819276123343243,-0.24674854392297083,1.5474607461898786,2.5912817240695607,0.9294417466774287,1.1697323421138683,0.6669024959229434,1.1779837303913805,1.7045984395404061,-1.6502635659015124,0.42660637261957185
benign_174,benign,train,0.7378576910283998,-4.451350074762351,-0.10931265176125911,1.7179813986974253,0.32189541780732633,-0.47185231120823384,1.0977121320303507,0.19938526221347805,-0.15073036145292662,1.5892501369925571,0.5528421791697368,0.37489788778379973,0.913452317264098,3.256879309750174,0.7862855931292891
benign_179,benign,train,-3.086616764729772,6.392603251728925,3.297353237457443,-2.969487343173353,0.05434670975679216,-2.272563270931743,2.086979201404418,-3.1795860455786245,0.3198561143993909,0.25819592666293534,0.4320795904238145,-0.567520083275865,-0.5097016839761709,0.13137158735783222,-0.5455087610967733
benign_18,benign,test,2.4873251283268747,-4.121741914947855,-1.2165064434808186,0.7503653613487141,-0.6195428835255931,0.3018407605375059,-0.6408392223205475,-0.5560232049827203,-0.8855956071910736,0.9767215932743133,-0.6435802143327113,0.09060351677530491,0.028600868941215874,-0.46111831941497533,1.1045659864040986
benign_180,benign,train,-0.9112533977116246,-2.1609548801301393,1.987981198255803,1.2349411890998319,-1.5877527637150368,-1.4151449377219973,-0.4922495693929453,-0.13453137589698588,0.8781380673797611,0.09400233551280159,-0.19782142178762313,-0.9883381170468085,0.38952406618770963,0.8685010050075277,0.057539838558206935
benign_182,benign,train,-4.844333060282036,-3.036369195740148,2.581350948446436,-0.2061963842137301,-1.9271783390519772,0.2632035082180813,0.19754464253945708,0.25242822774153345,1.60157182014392,-1.7815469138338107,-0.02054966084411497,-0.4565281480473644,-0.5686972422060923,0.17872305778787265,0.3830037623817378
benign_185,benign,train,-3.1538461954680135,1.8655186760063436,3.164189314528418,-0.12816070942110816,0.18845318912040585,-2.602735303511421,0.45857512862662086,-0.22621036446790857,0.8942316555064441,0.14547156879104278,-0.5155695050076036,-0.020775832833383866,0.5491844635363425,0.04775338801450791,0.303740538301906
benign_189,benign,train,-6.784322052086729,-0.5107230849335542,1.12500385155783,1.2435052238924766,-1.6733678746891665,1.6471247888793277,1.302896752013681,1.365755405730124,-1.224149040673853,-0.1333388445553776,-3.0866661978185546,2.6337917433626408,0.9951091625788548,-0.8304783309644462,-1.1859245950877304
benign_191,benign,test,-4.170183055067305,-0.22994326914827024,2.46742784811195,1.4836478293349984,-0.48030214151109907,1.5422165634379361,0.8553008263761122,-0.5604010272584031,2.60427571452361,0.838708877543905,0.6257190066563374,-0.14920771421678183,-0.4604891819467781,0.008014216906655462,-0.7044555247401254
benign_192,benign,test,-2.392006980832044,-1.5867305657085766,1.9687424462820642,1.1893223935024397,-0.7132103222635225,-0.08318909104914307,-0.6785069996601603,-0.4260603588397362,0.6383952143315093,0.9238157612709663,0.4499998396627839,-0.5927868864657282,-0.8180947631662303,0.5143565208655307,0.8127625050416895
benign_193,benign,test,-2.5345505072245107,-7.68200305493522,2.390315750505873,-2.0829046803023292,-1.4776579683245143,-2.9741428051940697,-1.6399823547123475,-0.15849320006246503,1.6994218924188085,-1.1819671071767825,0.22509539133727163,1.2650288414787523,-1.574956519189263,0.3114090782964654,0.25425332771415665
benign_196,benign,val,-1.3374620538470876,1.6011038815784213,1.701259015760221,-1.493032075456641,0.23915014265097304,-0.061904163081406796,0.4468359353512333,1.8971007488170093,-0.7425082633768278,0.49339230162537956,0.1315763256120708,-0.06225156657096486,-0.3235828528764664,-0.21595199233946163,0.04205295547638399
benign_199,benign,test,2.7456430158881737,0.501386614129887,-0.6385157485785988,-0.7174171883672394,-0.11851589425868957,1.0640882418961042,-1.0553308593918136,2.7346947915831628,0.7244044944814273,-0.9627753624516286,0.8909363413761126,-0.06221702960276781,0.017240341059342218,-0.12853315155454248,-0.774486325956285
benign_2,benign,train,-2.102321205907809,-3.2205196249378827,1.1003097655613785,0.911422832231301,0.7953735156773307,0.41028189992322955,1.122013866560068,0.7329703214532083,-0.36423610685186497,1.401160091771161,0.6839382494184364,-0.2862743153176759,0.3832443449933265,2.5217129076961062,-0.008953423918445159
benign_20,benign,train,-1.0313579074494985,0.3620367426517165,1.5018393953544018,0.6890438853687453,-0.371312898051606,0.07703648386706934,0.22288471795402015,-0.4855474889792365,0.2611763999649262,0.7895861026687765,0.9338800527357012,-0.14071194308808962,0.296335124874983,0.23620277909380674,-0.38365584260117075
benign_204,benign,train,-1.0348395627562408,3.5066982874085646,0.326987662780695,0.5291721031116225,3.578864029098194,-1.402567429194064,0.30520542583603066,-0.5984220451151614,0.1443490316270915,-0.5301432277047775,0.42466328899362177,-0.16170270400293735,-0.04523504118977065,0.9228047222098696,-0.34654602607738066
benign_207,benign,test,2.629494299086904,2.6483849618871957,-0.39129256352514924,-2.6703190770430574,-0.27998987617624393,1.72916384359323,-2.091669374830923,2.185828507656804,0.7545151259990821,-0.9953284953073978,0.6347131254861179,0.23907452081080768,0.21751908148390392,-0.04492434611732562,0.14561829066863607
benign_209,benign,train,-3.9203086789395387,1.921915757520116,0.3113969541324112,1.1883842928951023,1.3280085600470215,0.1471470574372694,-0.39156661009852256,0.0951183657169494,-2.0046379232043514,-0.046631769245177215,1.0502253768581025,0.2695560387811564,-0.5361837647183668,0.43771290262376156,0.5795814198057773
benign_211,benign,train,-3.8779427591137465,5.736069138034964,2.580949143772142,-0.4040818053796325,-0.2522625634087226,1.4131462959873156,1.704838742691006,-0.8080980563085423,1.28037121742017,1.0686638617613435,-0.8281897584855793,-0.14285248247451776,0.5260463496713272,-0.599151699613494,0.531811981242408
benign_212,benign,train,-4.4675062214497805,-1.870194133013128,2.116102237228202,-5.71859661932224,5.922220662826936,-2.8346777300093517,1.6220988613201435,-1.1195776882419637,-0.2476115445591461,-0.540022558598195,-2.254706719174148,0.1668567552229816,0.6676951923085848,-0.6313109738828692,-0.16103471050974114
benign_216,benign,train,-1.7758672953104448,-4.673616216120179,-0.1549108740370494,-0.8227798434760202,2.7653760967210124,0.3199229744052172,0.8191542683782218,0.9934350659341661,-0.7699972108501529,0.11424629167679091,1.0235362184868444,-0.33737917998525907,1.8488890746102682,0.05329824168900562,0.1954366176145676
benign_218,benign,test,1.7210229108900639,0.4381897108035875,-0.6686559306001705,1.4627179506537997,0.9133412786407771,0.6342386397443333,2.26084896268771,3.114631483078157,0.5811550498748597,0.000634429405726633,1.2405050028971585,-0.03294243634436259,-0.10726432744575151,1.2112451274887641,-2.6510382198773983
benign_219,benign,train,3.137446939024619,-2.7100247648589346,-1.3519725239219809,-2.60759160470786,-1.5386365518574343,-0.2503829853112685,1.4821376470226126,-0.6923276972190567,-0.07145968250989053,-0.03571431402620219,0.5794645642858642,0.11169803288986169,-0.07834382649638917,0.22064763928162465,-1.3949095450642328
benign_22,benign,train,-4.301236957382641,-9.839047596756341,-1.627046516006796,-2.3226646039774628,5.084997240098001,3.2189242621307184,-2.3279462842225342,-1.9587260909145217,-2.1122467219468017,-1.0015786695808095,1.3208657651746485,-0.07406326524206983,-0.6635452529232784,0.2204131328156025,-0.010131873603948719
benign_220,benign,train,-4.59936833363806,-2.1096186727280815,-0.2505375629346683,-0.09460935419097995,1.3538358301313733,2.1215475092090466,0.4673753608583975,-0.14557018742290515,-1.9405915708430577,-1.4636613165658563,0.8233735979513629,0.26272567554426174,0.42206147208625616,0.16317666098815814,0.06278864815902212
benign_223,benign,test,3.4141586833728996,2.1420473934017488,-1.0727538802527687,-3.7593328951504037,-2.260053935602552,0.254158192589936,-1.0827286455177045,0.15228973811041532,-0.03421927569597229,-1.126153612775155,0.2650686339704253,0.02353202605280185,0.39642344262289864,1.4696497963220485,-0.04639041885918272
benign_224,benign,train,1.225008015165641,6.084664117523702,0.6872348176879104,-0.6292644305304016,5.246987875536809,-1.5489393272371843,-2.9786182164671184,-0.38363081264439475,0.8665775549648524,0.7346156738796327,-0.11026848890768724,1.8396164868287987,-0.5319768738671026,-0.9580419253019314,0.441147072123987
benign_225,benign,test,-1.195860660579616,1.8804970846592508,2.1460579848870482,-1.5161883807929466,2.273604482052549,-1.3410937961662839,-0.5410200160860216,-0.07881303292479816,1.0723860350012413,0.08214418046584024,0.3328449529881577,0.5950060762760317,0.030643990407908245,-0.48982373360934944,0.09016750094862934
benign_226,benign,train,-4.537729367748096,1.7899863405899514,-0.2926633408412411,0.2044735599622218,1.0595719779109198,1.7779270386497414,0.006532757704141754,-0.43851780727593476,-0.45881389868668576,-1.5759674491011317,0.5871242397627169,0.4906004923401008,0.3742739836672227,0.4467287346884904,-0.2952887148712703
benign_228,benign,train,0.9145659684436344,4.203857686986526,0.3954194056602758,-5.253073090020191,-0.7621086855266193,-0.21414001990283843,0.5671327283992709,-0.8077758962059004,0.2710533427204131,-0.14470092620928632,0.3278840050512811,0.18825726469510584,-0.44021258999812773,0.7069593310654982,0.07985412470712755
benign_231,benign,val,-3.2573158419540276,-2.087146746327181,-0.26259634768103607,1.0808059436348159,-0.6996093123255783,4.004057677520548,-0.12792297575465533,-0.3203965647384607,1.8173639642627195,1.339253622172432,1.8413610799054383,0.7794539318015612,-1.51691164834988,0.404395462005849,0.3255059664616713
benign_235,benign,train,1.4940807831958334,-1.1080495324753576,-0.011950785070126518,-0.9318376972091651,0.33265347330627154,-0.2312798500686412,-1.116257007085749,2.9670923128834032,1.0528446808849903,-1.7628198190530215,0.16105171223123,0.1864282045493815,-0.14862220743442842,-0.555952283531338,-0.25134466859833493
benign_238,benign,val,0.07562192905360078,-3.596488206851637,-0.42314908775141175,0.7236284246815843,1.0725604690928427,0.009648365361270277,0.2492450866001047,-0.32775768030533303,-0.9597845553205567,-0.4746800862474737,0.7696922489799756,-0.908186743552208,0.10475102925303638,-0.6862698301142609,0.6305507639584764
benign_24,benign,train,-2.9951435529865726,-7.664758563803576,2.2724827353251613,-1.9695747525294671,1.1266280406669962,0.008484177691055804,-2.344758149345553,-0.7633494156878461,0.6684692469060819,0.4387644938774444,-1.0036059281849343,-1.2203874973460969,0.024336292194748577,0.14564253382797546,-0.6332660211874885
benign_244,benign,val,-5.958183828649495,0.5517054914856993,0.5231714297726461,0.7002179749934914,1.6639463604156064,3.0318348399106445,0.7921073400494554,-0.7204431238682161,-0.1152607160424622,-2.1342111048899852,-0.41372203868280844,1.61854915762722,1.0456409735699876,0.2587980324751535,-0.10131645855962347
benign_247,benign,val,4.743892646864382,2.289696922673797,-2.343769728746436,2.3074667988920257,0.3025924462707846,1.4916451920520677,-1.8401004062029387,1.118065551308669,-0.46404200426459913,-2.1240157062140224,-0.2667474511743464,-0.3019912380492543,-0.7724219333854352,-0.8293251606641905,-1.7471706283662363
benign_248,benign,val,2.09355025010958,0.8275823244233957,-0.17596872048034157,-1.0105332071421678,-0.4032223865732016,1.3041317719087524,-1.1646678345005634,3.753163640113644,1.4374653867914242,-0.8360328877216492,-0.24705320207361298,-0.08277808269494946,-0.2172965924931705,-1.0043665204206382,-0.5238336735038875
benign_249,benign,train,-1.0055971527106298,4.050721527503842,1.0926680036726157,0.27502111090888537,2.363945638808719,-1.116007906067161,-0.9732726019108977,-0.6995898162987844,-0.38113603642419164,-0.8036871910029758,0.11503227002552115,-0.30747777691589495,-0.06948727786163712,0.06485851122429823,-0.026137657051684055
benign_250,benign,train,-4.9262308789237474,1.926525110814695,0.7104091673169546,0.09689288580979435,0.5073475712501351,2.519107228318243,0.7947334622054952,0.3545934302210778,1.4974449778887613,-0.06613905899679288,0.06121995092943999,0.2280223571406712,1.1022219383621055,0.05834567100887809,0.14103106838666582
benign_252,benign,train,-4.281966776456137,3.053390707372611,0.3896306239037996,1.4564931591422763,1.5506197313973151,2.6094988485172266,-0.16697581195998917,0.8488948437723569,0.243267085431712,0.07554890841937718,-0.14564847305852033,0.023479266521633194,0.13989467448255055,0.5801820477833658,0.3011506147728779
benign_254,benign,train,-3.873957245295947,7.350899696057328,2.3659563086486246,0.22600234304003028,0.656596749947236,0.01037338645193542,0.7224627378843039,-0.5142542644502802,-0.4107662216006731,1.2063394478005183,-0.9517130909637276,0.16613547252166366,0.9549927471492154,-1.079278006171233,-0.07410542108543498
benign_257,benign,train,3.1208772565263363,2.155552601320261,-0.6586760059087714,-3.702111592534602,-2.4810872196373874,0.13735663359930494,-1.7527522350093394,0.6339741900178241,-0.20938984904256533,-1.0465195707342025,0.2662182683096233,0.11127678384052143,-0.16694545631193708,0.6874997022663792,-0.32211760260695116
benign_258,benign,train,-4.160745428073281,2.091584734557248,1.1946613377962632,0.8958528968190783,0.7672955316266842,0.5107379195441673,-0.5445501122170306,-0.2775636783691856,-1.060773129276802,-1.1963455761900945,0.43332348730345577,-0.1175650682800378,0.675428056672528,-0.36529904786990297,-0.5342362211929154
benign_259,benign,train,-2.693513341697284,-3.123916569267907,1.0303033274151245,0.4577662407847188,0.8355733639602912,1.7050854083947862,-0.8504921373311192,-0.24895153675629403,-0.4751165964733832,-0.904898613383944,1.006027673167176,0.5340561194716874,0.4904162760652607,0.7512194994553558,-0.20411337899280527
benign_261,benign,train,-0.02922658477106339,0.7202500090172338,0.4309974681601568,1.9945755904507356,2.1685964312479364,-0.24161487317459845,1.4524221231645158,0.4934720633962148,0.40654253208778474,-0.1972002318717802,0.7968798751838166,-0.36784011399107075,0.15722653568138095,1.99226633399746,0.3024920585691263
benign_265,benign,val,-1.9115775923911318,-3.346950821041244,0.579030968488603,-0.6885865138532831,1.6785110209499476,0.2912909487071757,0.02394685597458571,0.8142243729555457,0.6557178157556468,0.028507479089164615,0.9227405235335592,-0.8985212008316661,1.7697177737579972,-0.22470983964332758,-0.09447517254482253
benign_266,benign,val,-2.711910225817173,1.1814886268444282,1.4263679420972362,0.7346631361949705,0.3084048786116284,2.573616940718852,-0.17368313653417006,1.3467801497629934,-1.3230567227954186,-0.7794194029320969,0.8479260777969688,0.27068014866411155,-0.2552636673743996,-0.768090535872752,-0.5143930440924853
benign_269,benign,train,0.06428685726235422,4.943281615320329,1.201735621554162,-2.343912037038302,0.05846467445178801,-0.8871975100923468,0.6409797722510985,-0.10770256738517804,0.3472332065058172,0.7075599857267247,0.1963548506348989,0.07656348222877846,0.38416699840856555,-0.8844468296423055,0.24512457411725996
benign_27,benign,train,-3.389061809826929,-4.811490354775338,1.1104700407416737,0.5982805744088043,-1.2661401356753121,0.07684577449845979,-0.6594232647198123,-0.5954571218507821,-0.24081346547095192,0.9866148765533788,-1.3863621617822601,0.27560637706023494,-0.036909021781111585,-0.18261429011575894,0.2993372565008361
benign_271,benign,val,-4.5992410186755555,-1.9549486533098763,0.08669243560544228,-0.6073770731562114,1.8016490353600982,1.7062829180064185,-0.5673975392300399,0.3603515269738513,-0.5659853400237319,-1.0911435021862526,-0.06302092543148223,-2.0286679239898135,1.0787901421880721,0.3251778313863443,-0.535125834333573
benign_272,benign,train,1.6672203240709715,-0.47273263456703496,-0.3086064470447894,-2.690469476553042,-3.2249569502803115,-0.2808677063331156,-0.014170749659802218,-0.5722385254089918,-0.6034672190523148,0.2300291582808626,0.869872165971532,0.5208444920631992,0.4027664391181987,0.5230592608363823,-0.25458162084305136
benign_273,benign,test,0.2729624517929409,5.305699741250499,0.5723645923367959,-0.370259262633945,5.980369150937973,-2.042371864222856,-1.512555608958504,-0.35614017342399773,0.8789004029741105,0.4776891797256728,0.38707013379257704,1.7618191897843403,-1.0651625951441244,0.3816211865944284,0.3911267427848999
benign_274,benign,train,1.0210184157659385,0.621931932341998,-0.3224941679293845,1.3685465323933559,1.063650468889417,1.0876589415461526,-0.16788590648813226,0.7393651960334844,-0.7565934471602682,-0.44861525540571234,0.8395754646861838,-0.12593345417265944,0.2432428403644641,0.32989315817577386,-0.14589972475586124
benign_275,benign,train,-3.6772103727259466,1.0788291727342505,1.0906675942725723,1.0372228662136076,1.7062647475162385,-0.034620838957419395,-0.49145364062225777,0.7406073075149621,-2.390918131948287,-0.27245385364216035,0.8795532086629886,0.28804936137559395,-1.0611249995910448,0.2623522750717736,0.7889854870294494
benign_276,benign,train,0.9465246151277927,1.241226012317397,-0.125186711645832,2.4419669459404,1.53507853146905,-0.8510989450295064,0.4664483076904188,0.5934036026659265,-0.1779000118730946,-0.8932830574585897,0.26348058726249346,-0.42276392454564127,-0.4643733107052282,0.061388496362320036,-2.0253842787660115
benign_277,benign,train,1.134573938382194,-1.8366086145329101,0.27376530131266247,0.5902515228941483,-1.24461586357986,-0.8838563676908233,0.014069434601618526,-0.2318484314265221,-0.25579279492873275,-0.2661652374465375,0.6925651009872463,-0.347497782553519,0.19247072421361425,-0.13804159548931264,-0.35479575046381384
benign_282,benign,val,-1.6022100471414298,3.202047737037088,0.6796756901231485,0.37161357438906195,3.398926044489584,-1.0833753343793535,-0.1996887424827025,-0.9122904757798972,-0.22860090959320614,-0.8276167799161152,0.5065994090008686,-0.07941398556416045,-0.3421532657186458,-0.2956641861334751,0.042209536118942584
benign_285,benign,train,-0.3426839036852971,-2.073005822543008,0.029136722452754563,0.5704248203816059,1.212734110626933,-0.776900114875069,0.7303031715651055,0.43514406903844727,-0.03159789849849527,-0.5880975385789364,0.04233482094369463,-0.3895347794538081,0.8627365615165639,-0.17589039549821037,-0.2815995596607612
benign_286,benign,train,1.3225514504657339,1.2875431884953166,-0.9235147676174942,1.4925361202907867,2.2459840089754204,0.3324933630874853,1.183180981948057,2.3501471816835995,-0.12588767675116297,0.5704386828646517,-0.2303576104781801,1.0241230794831238,1.3475769604797971,1.1900093294209664,-0.9673477007312208
benign_29,benign,train,-5.9205036107272235,0.5995995675637494,2.6766375914926104,1.0845309744344982,-1.0937784662467571,-0.513682074525863,0.6471947685738821,1.1454096187169938,-1.8152336397246809,-0.9636749006050633,-1.8791921662174091,0.22262561986889262,1.0451628656333325,-0.2912545937672967,-0.19858823719944646
benign_290,benign,train,0.3457132658218663,1.068080946663649,-0.2368004330077503,1.3182575321961145,0.6127234675876093,0.9561897292446693,-0.25365251769077274,1.0127226691243512,-0.4238425024875126,-0.1622468384773636,0.44918022039803257,-0.5139354540688852,0.4704031632446767,0.8662971960866611,0.05337203703694929
benign_291,benign,train,-6.410279010772804,1.6573296699653781,2.7054568677387185,3.008417957745091,-1.8039364307021029,3.216877069900157,1.0914331545392095,-0.6219022599199081,-2.1255137434113665,0.4789624505821462,1.0270248471789778,0.26709894356073016,-2.457871655193294,-0.7006582252101577,0.25766099012548016
benign_296,benign,train,0.3924343681655114,0.993745775122077,0.4190223672598848,0.8232938377766917,-0.26183772010902956,0.9704053091785482,0.8624729322533522,2.73414171954259,0.6622201020982638,-0.19011663832070846,-0.064564714940391,-0.5725452635137867,0.3859029689654522,-0.398185298759625,-0.05457247518281217
benign_297,benign,train,-3.9693521090583226,1.91799831186284,1.6621887034562413,1.0408837874709935,1.1780992470302138,0.29779282265647966,-0.5102047562583001,-0.21635959061387772,-0.6038020401190912,-0.6075293703094884,0.2296320804120067,-0.013617153301910637,-0.07016280133437987,0.005519168937517859,0.5392313959271359
benign_299,benign,train,2.364321860570214,0.3529245935600074,-0.37852333777559893,2.079067282500822,-0.4121785693294217,-1.728131272095571,0.132984333201605,-0.2744183341565053,0.027580317220712868,-0.6891703654265383,0.17523703339769064,0.10870578758720628,-0.268272452522998,-1.2816628266413448,-1.0397111286926668
benign_3,benign,val,-2.072502300015584,-0.9063093459094885,2.0999435162933278,1.0755282521621359,-1.3440445198221889,0.3572785250106199,-0.7713051124710966,0.13737138839857088,0.1716309667145209,0.37948889808902464,0.17482552633590853,0.34278731450454447,-0.10571999457244981,0.014555487584108108,0.28188139326772443
benign_30,benign,test,-2.80895893804268,-4.114215683019291,3.0109878198525686,0.3890041755352462,-2.220163308499739,-0.9354821953316867,-0.9200228047011949,0.15988668192889682,-1.0716928664294525,-0.5538690124192761,2.061972661733291,-0.19085310142263792,-2.7159520926690037,0.202579119462362,0.6317865230666394
benign_301,benign,val,-6.835128653899333,2.646672019687957,2.6429426546317014,1.8332666595072096,-0.6554954881596764,-0.334458686297021,1.437415303709403,-0.4919070118540242,-0.22242152655249256,0.3680265009923563,-0.6069948980045239,-1.1060635319703047,0.030262137167894512,-0.4181008812251687,0.02043623562255351
benign_303,benign,train,-1.8933104148877007,2.8108414660448875,0.9823312665110119,-0.3913794989766953,2.5158688983449538,-0.34101493704902175,-0.2542650982137727,-0.5349805582996565,-0.9153832871161435,-1.1783882360303595,0.07853578797540073,-0.5089115697357948,0.03023778452367631,0.8004770046142832,-0.05829478896150869
benign_306,benign,train,0.5733211350080013,5.16579575954913,0.4668564533058646,-4.22001597721486,0.6822299067129519,-0.36111466661154024,0.15062338781963533,0.07960085150959746,-0.3136215193149031,-0.16944427480836505,-0.1990988834781434,0.2352259670406829,-0.4950161469590591,0.5829660566755462,0.11921207336881597
benign_308,benign,train,-0.08924943292896839,-1.817638579693844,-0.9565204813757345,-6.2560785375295485,-1.8826550073492037,3.667446373305068,0.6206865705825488,-2.4314736675004407,-0.6731531270906732,0.9703951190799125,0.5136451695141211,-0.8368557607032963,-1.441736581933289,0.21852173656562696,-0.2478446061748339
benign_311,benign,train,1.215442708264138,-0.005379876501676696,-0.5304134113429662,-2.0804851713410537,-1.081903727108451,2.950918564482315,0.21913640860544767,1.4258610587723066,0.5126840954492068,0.22413681330307508,0.3076598621382799,-0.5880567386069637,-0.4164903039214903,-0.06732243114474916,-0.39515108748430355
benign_313,benign,train,-2.717522124734856,-2.4303848671484194,2.1442838024142903,-4.492788426282106,-1.0151905545965063,-4.791551785055874,-1.4606307652500545,2.395658215637634,2.2421274763478594,-2.9148500807464024,0.9839848819832564,2.5554203679428205,-0.4181372176439354,0.4283659978586665,0.7647321795015373
benign_314,benign,train,1.8283816317420611,-0.8454248030677672,-0.7177564586726726,-3.5348203261971096,0.21699662365938696,1.8154898750353163,0.8085055191794528,2.0316679736502103,0.8701596383251856,0.07028351097570593,-0.6576845850732793,-0.6923765205913314,0.25829172428277297,-0.2431143270892743,0.5279510633148567
benign_316,benign,test,5.022851915961195,4.1545432096744115,-2.672499936241821,1.8374822369452843,5.773464156773265,-1.3976420869455213,2.0387008747125255,0.4516108900060402,0.5086823659016091,-0.13162225302792308,0.12568805801690883,1.183153265201247,-1.5990586031181568,2.4465519829390123,-0.8248385512863482
benign_317,benign,test,-0.565650178915364,2.2833398430044536,1.1954787106206595,-5.11021637488125,0.6110442173318453,-1.07612545826189,1.5467501730743851,-2.555646762902782,-0.7464578884967495,-0.0674189509189757,-0.4704934313570941,-1.272873468258076,-0.7566005440801269,0.42882456643924377,-0.9569157459621866
benign_318,benign,train,-9.426498240053036,-0.33405924935218023,3.3600932275675897,1.7019687881056549,-0.5913532570067725,6.62046554574048,3.0044816982382576,-2.813109946778153,6.464599926557981,-1.5451297321521784,-1.7341066122560624,0.7102765357359713,-1.30800399738298,0.4063106020164096,0.38639547647771116
benign_322,benign,val,-5.542562257840614,2.376337946635213,0.6393223112417082,1.2517095004399275,-0.4492254389492845,0.9810566214357711,0.6167915062031303,-2.34551024969951,0.7652669988276087,0.19197195951465837,0.8714487842735078,0.35464064792175165,-0.40626346455251194,-0.6309740813645949,-0.5000555835851256
benign_323,benign,train,-5.065474257098471,-1.2227777196818699,-0.5894473551742695,1.248513493762857,0.21527755511102975,1.5316757111894255,-1.0187777461767837,-0.2808496308446619,-1.2822623542054168,-0.7397748021955515,0.12770639073901122,0.9372197164912434,1.1548270632657014,0.03261998984596873,-0.23860705473316937
benign_324,benign,val,-4.542996466671674,0.36828186943866903,2.902417337779501,1.682206393368715,-2.4047984537240272,-0.4673728656258955,0.5244894058626837,0.8602891205238639,-0.5270399809121289,0.21270402624669899,-1.0831563037073662,-1.4221727452740927,0.16469349889632923,0.22276659000905194,0.4868135140598206
benign_326,benign,train,1.331070011030011,-11.66292984874169,-1.7757611297936777,-1.7335951270930585,5.237810756705436,0.6858483970099607,-2.1682345186433216,-2.017427629789635,-0.7211307871509369,2.2861224055776255,-0.9540399973111444,-0.3579849634119512,-0.39373340635206777,0.4315519787294935,-1.9595342941083995
benign_330,benign,train,2.0924164516138077,-5.919738758144385,-0.7253144965496042,0.7073451123425407,0.30105590888013045,0.5839279294759169,-1.3731280559913621,-0.055011588168418335,0.5531002475374893,1.7423507979680646,-0.06559568193423872,0.9411076517609576,-0.32837866207419997,0.6463081905928206,1.0405758058754342
benign_331,benign,train,-7.719877632954399,0.02647094197756721,-4.0903491868242945,1.6213124232446303,-1.5525899574046742,2.816944499284878,-0.7092786569457071,-0.39756974521006405,-2.0684605547356094,-0.42346013735792387,1.5431289298673416,3.518457051566163,0.0626476361256864,-0.4364307834795944,-1.0670070191107923
benign_332,benign,train,-4.960619073244132,-6.386537935646311,1.5765185739453227,-0.4559118016582355,-0.6624182546459273,-0.28294282000741583,-1.4748094884560126,0.8788371199159435,-3.8218806880340734,0.6847675213875942,-1.636137594951732,1.5671030560129295,-1.5367676760039088,0.060203245439667756,-0.028071321127826177
benign_333,benign,train,2.7895955157504875,4.004311840035141,-0.6046436542113272,-2.1508367570693894,-0.6384377722190648,-0.33044132139155574,0.07038218895844976,-0.7740970994161306,-0.24698933190254663,-0.27925121109004164,-0.5496202852677669,-0.35508720855508946,-0.17656020200464745,0.380707767597533,-0.6807712289808958
benign_334,benign,train,-1.8540167075613183,1.3097604209126106,3.098946836816465,-0.22161714645110078,-0.36364384582413806,-2.3088366328303187,-0.8351331667668955,0.004706562588724497,0.17156179024286414,-1.3291366629626138,0.31302541507022963,-0.8729353736895116,-0.46939786559158303,0.6974535869008757,-0.0625458542143785
benign_335,benign,test,2.0387146823290836,0.3734262550265217,-0.640628570289346,-4.617079350323717,-3.322717676034385,1.3569516145231382,0.192853429566903,-0.6675780994575351,-0.7306276094283936,-0.37966966096593946,-0.46845016682185325,-0.7293742379939955,-0.17868075673016717,0.9663616421244065,-0.4635337247856175
benign_336,benign,train,0.11630135194034552,4.373197724963893,1.3644275245117383,0.18288815033129133,1.0233466766846782,-0.3325050002348705,-1.1251091857806048,0.972163804447167,-0.12408985644020466,0.13896391069931135,0.24149736866502527,0.1027689899203945,0.032077652409303804,-0.5112434409541328,-0.6336877555031298
benign_337,benign,val,-0.4828687453799116,1.8325836176236747,1.742360589128042,-0.8246264622350521,1.321206847369078,-1.3647323239282536,-0.1267913454796229,0.19648072949123738,0.4678484735085524,-0.34136938212733575,-0.09973404179726358,-0.1704914989687901,-0.10504986487771559,-0.8087200343091041,0.36003279230398966
benign_338,benign,train,-2.3046558146874254,1.1113609196297458,0.755524755875418,-5.847974900948392,-0.4067483028447353,-2.2309223581951803,1.5262817604329917,-1.1292106192477993,-1.737466132667562,-0.9094043780917921,-1.6386984962611701,-0.7018987504753224,-0.33717141033290465,0.5073558627567788,0.09087441559431718
benign_339,benign,train,1.2659548959196865,-1.078187806940194,0.6369207095951737,1.9191594724843752,-0.9179828747168488,-0.7346087253814995,-0.42755224328039726,0.2517167489570424,0.5160629540539752,-0.11857528748637595,0.3441876687819333,-0.5214237564824115,0.19996406771851993,-0.1620155089148336,0.5365078127511265
benign_34,benign,test,-2.606082362388169,-1.1917271236420985,0.2972226845481529,2.0755962505854444,-1.1089167832066167,2.2455899185491917,-0.9898812667107276,0.709572334641124,-1.0830105868264805,2.4966106722203842,-0.8651573425797887,2.2632302573531144,0.08531340486555636,-0.4811153474114827,0.16819544892723912
benign_340,benign,train,4.461998422215105,0.35724581454218424,-1.4871699023443161,1.273139100379997,-0.4977093783031217,1.0666106224428735,-1.4893664548534364,2.1767849881865837,0.5530568280596712,-0.2112165585191277,-0.5610700770472874,-0.18014464450784795,-0.31122000404354655,-1.102252600054525,-0.10586892552790651
benign_342,benign,test,4.987205318538228,-1.1470658217318415,-2.1050954831678297,1.465824570426154,0.5614468718615495,-2.342533580154239,0.21850531802900983,1.1104878463705004,1.102233286937457,-2.0347047068275432,0.08963184082629716,0.04045781178010177,-0.9011976169551946,-2.1484852013263347,-0.046533940794565944
benign_343,benign,val,0.6106893663098424,-0.22518412187858808,0.5883782973042053,0.3257684649207083,-0.008238415653797805,1.0685998261635983,-0.9954408053360944,1.6855473068454672,0.5750608820225372,-0.5254494161772688,0.17775704907761614,-0.30102944945942123,0.37577957376166593,-0.5034451133973102,-0.2044430379531601
benign_347,benign,train,-1.7442078369615832,0.055064245475728406,2.3675202223592917,0.4441594690976274,-0.23166837153712191,-1.4607000819565168,-0.33674264986494545,-0.4512949163995494,0.964621818094309,0.4533121959249358,0.43658348170114153,-0.37751331755570733,0.07476683557754672,-0.10195131018794455,-0.07898133554380651
benign_349,benign,val,-2.7588786959061076,4.3050811135098375,2.8316335092067217,0.5884184825880829,2.236628274012285,-1.3125929434033206,0.13746679829142094,-0.7560808414409291,0.7318844939070893,1.115687576295671,0.015406647230537763,-0.03916037472902671,-0.5470264563813443,-0.9463898819891393,-0.1230459851945884
benign_35,benign,val,-4.548403691248994,-3.1295077653959598,1.832995080038733,0.45811977964670714,-0.6777491940528529,-0.599712337214054,-0.4081366376513185,1.4670667357622709,-1.4765429967153176,-0.5241925414766179,-1.4120573478672138,0.31343957512841153,0.8152318497280795,0.7149389322711718,0.14703136250485976
benign_352,benign,train,-3.3219931312710527,2.437480811993153,3.2468759006847607,0.7777044073042477,0.5728792444155685,-2.1457772115013407,-0.06488124126566788,-0.5967746807491529,-0.03258565133714645,-0.13153148151535418,-0.19381633706528995,-0.11700442836085297,-0.02666076524446676,-0.556098667078308,0.2617259198855486
benign_353,benign,test,-2.499155705284485,6.725677714420113,2.653699098920627,0.5210706989009831,2.3288853017561757,-1.3789224620598008,0.2716285653621037,-1.2058751073883478,-0.006821421999753559,1.8975683518045752,-0.39505050593185803,1.2776846975377758,0.011051529718094253,-0.36886664930115487,-0.16635931511904845
benign_354,benign,train,1.8626401883202341,3.1376662720074338,0.6035624631729714,1.4107122480438372,0.3918820046004461,-0.1857514960411878,-1.4135904355553086,0.5901331517681024,0.5136772151590892,0.20233001045295532,0.19718319649825325,-0.21043082712034275,-0.3227238211994981,-0.3610659083633683,0.08845007996533971
benign_355,benign,train,3.1071630217449644,-3.004481920307822,-1.1312941746934224,1.20908877587755,0.7158806176663957,-0.3632498200704105,0.3405169128164063,2.3169669814165137,0.9942101302871686,0.24086060495329192,-0.8231483795417236,-0.21178846880401725,0.20795698684975292,0.9750691953565608,-0.6614879591244718
benign_358,benign,train,0.7045841032563058,-2.316461171653413,0.8621104241424363,0.07300898585128632,0.035826680104563774,-0.8266875439734069,-0.4876630063162049,0.9781448001010632,0.5380174567964425,-0.4888710108810126,0.14638392338181,-0.4429728811716842,0.1742219486389247,-0.19003908362786762,-0.550224744942202
benign_360,benign,val,2.663484809337333,-2.946202994546895,-1.0220603494312386,1.1207256157251324,-0.5714515734049912,-0.7631491216362415,0.0703039454783909,-1.21724820141514,-0.5320449625281312,-0.07703062788299155,0.20928221465966976,-0.0892301377907564,0.19057403423584643,0.02972514733033933,-0.7593797878070672
benign_361,benign,train,0.7737299722768909,-1.6646558671168386,0.5779569037152731,0.04354206514773114,0.4935764975861387,0.09903988332914178,-0.16986434594248898,1.2500130913109138,0.8298135211636116,-0.5752031151958772,0.3654445719398506,-0.7240259323335074,0.18143880401944876,-1.124472413587205,0.08540293773444593
benign_363,benign,train,-2.754270216185102,4.958067300624697,3.4874425650687924,0.7751422576827287,2.380218683267562,0.06440000997052926,0.537321311195905,-1.2069298060439828,2.3950554600768093,1.4971488403358966,0.6567596457009799,0.32342390605333643,-0.8314915666676064,-0.4231111309602544,0.46342151291391165
benign_364,benign,train,0.35283065749990883,4.936900938376602,1.3943325720031268,1.2476735690001501,3.167683425273383,-1.4803593966778936,-0.6118274584911778,-0.6102778141612222,0.07722587573689997,1.607965447417045,0.5528030351586843,0.6535982082181538,-0.9669083860645942,-0.04436452388008333,-0.6798404643481886
benign_365,benign,train,-1.4099013825050017,-0.5836279496753202,1.8782425010083854,0.6300949304854832,1.3550227821694554,-0.940468674836958,0.801828101294775,0.155403614375081,0.46371497878230955,0.8960402765846218,0.6705102739925584,0.07419582130453613,0.27215015473787263,1.8301620531891136,0.226633492266725
benign_366,benign,train,-0.06787873657231742,1.649740074191002,1.1104321718282406,1.7827950740539729,0.37940600306643707,0.32243084463848626,-0.7980026664972137,-0.19555260070118116,-0.5492083206858868,0.5429050342289183,0.8063758411733479,-0.19651043845700228,0.32684453058545787,0.4947722032923333,0.07942854934332076
benign_37,benign,train,-2.15839186537977,-6.932070367038746,2.165630981954336,-2.031380819022266,-1.698480188764157,-4.1987245777987585,-1.7248642642057075,0.37760917752209494,0.5322056999700052,-1.4949333487542291,0.03791396898990641,1.2185827230646695,-0.7242983919615821,0.366834417340562,-0.5385056042731398
benign_370,benign,val,2.0231673907436845,0.5801298236964317,-0.20259007445368665,1.9072545299815526,-0.8644252214206736,0.2580884160201054,-1.191533374714479,0.6080428228578111,-0.28985133576224764,-0.25191749928528334,-0.19242680621496291,-0.7354135288373853,0.3107270804775956,-0.3078431264843322,-0.21099031548497502
benign_372,benign,test,0.9081273671367002,2.1690827606421763,1.1267065000885679,1.541298528768993,-0.3593987764358928,-0.6386194693937205,-0.9761830031501127,-0.1049339247603404,0.16692399021662754,0.4041798899293312,0.26339125356850446,-0.3541168546011528,0.1945119516356398,-0.14999723391532846,0.3871897452747495
benign_376,benign,val,3.6285870052547957,0.1525370824464963,-0.9599805941915399,2.1480659260172605,-0.25208682188107406,-1.3346545243814332,-0.22105103140366522,0.45652417515536603,0.6363026483822973,-0.7709418111076449,-0.23323318451540803,-0.2645744522506147,-0.23178451948974943,-0.7176981283138819,0.2855620925365667
benign_377,benign,train,0.060756477737639834,5.240848448990571,1.5979746619508508,0.9840957146263268,2.6315447216546186,-0.45636005184434286,-0.8707396979328881,0.2733637865573531,-0.1329506847759475,0.9273332389018613,-0.12828117935320432,0.3886021538570372,-0.702518457083498,-0.21224243422982736,-0.8149815939289279
benign_38,benign,train,-3.9455016796129434,-4.1418449458196,0.5416133069853417,1.043187267167198,-1.7211547321396476,0.18937195217859423,-0.9356577034228296,-1.063954856905455,1.3448724320481502,1.2598233694360577,-0.6406544576862608,0.6870954143904775,-0.3439304050637019,-0.4755271611692883,0.005651786344148343
benign_380,benign,train,-2.2563925775563165,-0.12303064400592358,2.776326346328314,0.10926886225485319,1.0431568745721644,0.23667939940725874,0.058207418779006544,0.15511310966853506,0.9566167821417045,0.6787692372736682,0.3543995717970252,-1.4836756241379698,-1.0741191491434914,0.2726000726500178,0.7356246315670789
benign_382,benign,train,3.3085418338198913,-2.4605920532960504,-1.2019203456471463,0.6903384710206275,0.5787746693755864,-0.14845362515109325,1.6026997338719693,2.5775411153981453,1.2529013672925247,0.6012452488921325,0.5012368269218411,0.4513245408481049,-0.5072800697993349,-0.42007227264769165,-0.6156306925400018
benign_383,benign,train,3.1256575535564988,1.731738565970889,-1.0847111167492685,-2.1958303089639597,-3.0527578806310927,0.8251126578888526,0.7239009138451172,-0.40149457802044897,-0.5832615615272573,0.1155958897629853,-0.13699080332781843,-0.29739299680952386,-0.08239735301586341,0.3663790900072618,-0.760258054182207
benign_384,benign,train,0.7217051535832613,1.7480986959288591,0.6095753251759781,-0.6146628338046671,-0.42116677834066196,1.3485378259576537,0.8751741145665631,1.960040760012644,0.3173025551286443,0.5855589197515846,0.14683111169121832,-0.34917269079471197,0.6917971610816511,0.09013788994524059,-0.6124068115226206
benign_385,benign,train,-1.181524247202326,-4.5648081683031325,1.594347227726892,-0.7516189995493567,-0.6632686382370881,-1.3256411638292829,-0.39018539390036794,1.442734835062881,0.5105097346736469,-0.630963885628919,0.14013852480332037,0.4487620497849107,0.03466776551094061,-0.2903938640410307,-0.4592983730258265
benign_389,benign,val,0.7425882226837557,5.3014361701419634,0.3398534200843413,-2.986985943193893,-1.9853123214281025,0.7956183403318421,1.3837802895526883,-3.4069181770068826,-0.8714484991109552,1.479073371179483,0.6023611318767201,0.7143295920466519,-0.08803562509891005,0.7185784940043135,-0.7923895509690059
benign_39,benign,train,-1.7796869910479678,-3.012865711292449,1.461291531022022,0.3353974164280901,-0.8259759366512057,-0.755617702659502,-0.9646334798124366,-0.1353755358924014,-0.42025741849649756,0.45858796375751376,0.29570463085870485,-0.534322534509722,0.08459985435161131,0.16379363332511698,-0.40971100128718996
benign_390,benign,train,-2.099946638670943,1.5685741381276763,2.2406475953979936,0.4101810693332697,1.721640500777864,-0.06342868344559649,-0.567601811972151,0.07005146692646166,-0.4369781719194198,1.0875432380957306,-0.9136163484261065,0.2474434039791542,-0.11716091344943372,-0.10822925530591967,0.5453621030425266
benign_391,benign,val,-0.7469175948307756,0.4704773429847621,1.763078805025513,-7.981177592217328,-2.105699472554043,-1.3775123252684587,1.2034167000353528,2.999136348507565,1.6225725843179444,-0.06288005336298551,1.5922420887066235,1.848395786898453,0.5559629676646941,-0.28299711711993986,0.5533931286139665
benign_393,benign,val,4.157539786805818,-1.8427082125237453,-2.182977466845925,3.2456690761447686,0.9748117737348957,-0.4286294518636148,2.2073215126611716,-0.18026776668574912,-0.15035845981646898,0.5940125950328696,0.010169440589165748,-0.49902972038070026,-0.19408664396764394,1.0561768827339189,-0.6949113029246201
benign_394,benign,train,-4.643745631784166,2.4459782107537746,2.739914354599326,-4.198281141831958,0.9711459746583079,0.9318732480545221,0.8138853337057977,-0.2791484630951017,-1.1974785455381267,-0.9877379958960261,0.13580782224431,-0.3897313087965459,-0.6671639295307213,-0.7511738401198124,-0.40954120134578664
benign_395,benign,test,2.1243682272766686,4.069137441870485,0.5457308376357461,1.4539721939042796,0.24415204289513662,-0.1407578413984666,-2.1639733116391118,0.07146275940893643,0.1156718460838476,0.024234241466732913,-0.13133999158559706,-0.3706318890234964,-0.18204327962544817,0.04185898520391732,-0.24683789267689332
benign_397,benign,train,6.115106671652297,2.895292656568045,-2.8273137475508774,0.5761692820326187,1.3756830152220962,0.21424186619007798,-1.3978443391785964,-0.6839105447935078,-0.002028482501831789,-0.6247489313815402,-0.7601539118967973,0.3680200444468532,-0.7195311377705429,-0.6598377882183071,1.1349076683302404
benign_399,benign,train,1.8360731209729821,1.7487317025551459,0.38689717878143315,2.424489597063711,-0.040247371326576915,0.2458632980414169,-0.8839603099057017,0.013184390902065947,0.1560643755060137,0.6211192873180763,0.3966481448095771,-0.5310268746902385,0.21702365840054816,0.6151006033383046,0.2199572749710419
benign_400,benign,train,6.624704021997711,1.5190324148552092,-3.466278597735772,0.2839083309174092,1.018505987988078,0.4632979400078588,1.4781208458402444,0.3801888307864514,0.28098430679807795,-0.06631146879634794,-1.8086439582790304,-0.19597014805263815,-1.2854200734119408,1.1834792712866098,0.1873140520883979
benign_402,benign,train,-1.0947304572029601,0.9930013233128262,1.1722356441838262,-4.306508658630954,2.470300022805515,0.024623101290227455,0.4326533931381403,2.4086437282811044,0.6526221317164368,0.6720062208731178,0.6213021783786314,0.2910355362989807,0.16536860406762185,0.18414463610071213,0.7206497182266811
benign_403,benign,val,2.1626570184924776,2.853145049961157,0.3748615852394811,2.0208185978981565,0.4025182006474391,0.33062164557109375,-1.5938217881419057,-0.3743596298099626,-0.021140646974879152,0.0669130250182197,0.3039052875824903,-0.5311294593444748,-0.2905961446005597,-0.7915234081381144,0.3454946217617441
benign_404,benign,train,6.670142764489817,2.7004135962755784,-3.34419792687733,-0.5771066087273068,-0.025035919158842672,1.5978990245592863,-0.4133611610769157,-0.13700851740744724,0.04386933517952931,0.10497286882794471,-1.0453003281500899,0.2054822541971343,-0.6235446487676933,0.5483223493965209,0.9086520386091739
benign_405,benign,train,3.3629725178875964,4.405137046252418,-0.8357643852091683,1.1958946742641219,0.6170179385228939,1.6884560331698606,-1.8512397902241906,1.3115355038495697,0.2351766996338315,-0.6909047533912727,-1.015615410205967,-0.7489884558141562,-0.6453993367135002,-0.5384750576895482,0.08833041363901391
benign_41,benign,train,0.6138222933399375,-6.778249958340103,0.6818167221912672,-0.9237460647336648,0.09548467056672313,-1.7547793245837255,-1.6532011972835776,-0.49460346114883463,0.9417266416824672,-0.44907974498089825,0.6704633945019598,-0.3815776672225935,-0.1333747623149502,-0.7294551074409702,-0.07914295447794606
benign_410,benign,train,5.660894581544901,1.8620015822284819,-2.82577661708982,-0.44765514751773094,1.4328146095145757,-0.00045502327994648823,0.5240637828771869,-0.5290330266751866,0.20237704066830903,-0.034108533526391094,-1.1728601698022392,-0.009872249186226941,-0.9425441034849147,-0.3333340096516314,0.4050500707694232
benign_411,benign,train,2.492294180973445,4.165289346027572,-0.0081379250651823,0.20922776240922847,-0.05341492859465282,-0.06716484878334587,-1.5921638546999322,0.2710389439900212,-0.028855398612760253,-0.07463754572053866,-0.04913605612746308,-0.2076180045367678,-0.24815530167742758,-0.25443591748951827,-0.2644413477506644
benign_412,benign,val,6.541433680825432,1.6743993827701436,-3.434859797421665,0.10619929943270372,0.9495527055018438,0.47266403464832646,1.2330205644539292,0.4546476962385741,0.421697483110728,-0.13737390970729385,-1.7670591181436766,-0.1241317289424927,-1.4045169548942573,1.0114099737856437,0.05449938459845172
benign_415,benign,train,6.795488957079623,2.7905704846677946,-3.419164580574234,-0.744757179989776,-0.5893767442925222,1.956741313145757,-1.6945640328280454,0.09672583231856728,0.021921374906736405,-0.1409152048046559,-1.2782022423912098,0.15400211902199093,-0.38543097849366326,1.219583558286366,1.3025504416572549
benign_416,benign,train,-32.771647282052754,5.644798561569698,-29.586217945182806,-0.45191087462504487,-1.5088204275242607,-4.579388129916369,-1.118200846908977,0.8991343821204643,1.4947423650446967,1.500760764670982,0.13267504991003026,-1.7685455354105153,-0.34011981429177196,-0.047817527603645514,0.12186291531138954
benign_417,benign,train,-1.414479240033424,5.697260911294107,1.7416959994810193,-0.29435589432364445,2.9242065756464313,-0.2749555370540739,-1.0176978375647578,0.4281169051230291,0.012516994016463215,0.484733006745941,-0.07833581878339109,0.8860337351770011,-0.08759267195947297,0.17365919112909825,0.30213226237225044
benign_418,benign,train,-2.904728798805019,2.1458203347681364,2.6638121805172514,-1.6746337018814708,4.11490298591397,-1.5153361056153227,1.2508997768178767,0.7856377924805712,0.8000918520907564,0.2101691663685357,1.4773798385832813,0.2217774853744168,-1.8125364275291713,-0.29376094193377994,0.25599923771579325
benign_42,benign,train,0.8946921753903034,4.166141562111368,0.9266053207499072,0.8978223686593464,1.1969266796468914,-0.4224212423428923,-0.16342717031968365,-0.5697192463218707,-0.532702254783996,0.3304456345278836,-0.2116606848549402,-0.47960895591126795,-0.16240561001590653,-0.23354835344777694,-0.7060217434466464
benign_420,benign,train,3.1219880398030053,0.8721132411438416,-0.766863453203563,1.1814274713317374,0.5529717897672889,-0.7604138657330114,1.6745748493109267,1.6186854315829804,0.7635621136638958,0.8713633389257545,0.34945807223098496,0.6119641686470504,0.07909892895957102,0.9051051385856889,-0.4716171997965793
benign_422,benign,train,0.73346188317761,-6.387454340750197,-3.795697808604533,-2.327574372877802,7.296408331956394,3.4026575081724046,-0.04345865433415502,0.8176153038342318,-1.3588951382767085,-1.7436865780362751,1.4510601129352056,-1.0130888249374421,2.8893934036260402,-1.861783814135168,1.9726909834470552
benign_423,benign,train,2.705369733781589,0.7302666420540307,-0.9835259185971497,-1.1937554799865349,-1.2533252865568731,2.808683230886605,-1.511160359459239,0.6520367563537245,0.26371719230323337,-0.6494375570520932,-0.36409051383976726,-0.7720539968649375,-0.45158225831448345,0.01933936017768118,-0.36852606157039286
benign_429,benign,train,-5.3584965837390675,-3.5598142018136554,1.9872450894566536,-1.0661972399886674,-1.1663141603243259,1.0883478891006528,1.7973939520727207,2.0684864527235294,-0.041955423151403215,0.16057868809535436,-0.8240930627611928,1.837816733963076,-0.9750774969406348,0.038294555568852875,0.30803702445914355
benign_43,benign,train,-3.8105887359730835,0.5272752370668868,2.9302299468346384,1.083909838420117,-1.398654129983939,-2.2591822061226594,-0.022333255652123532,0.0748600800910016,0.548476989015565,-0.8753684353379217,-0.8582635273560085,-1.082608543695,1.1299068102722412,0.39812712567249864,0.5217503482360981
benign_431,benign,train,-4.506381910915441,-1.1117806389643567,1.7404712794547816,0.46092273335857237,-1.9982045749625852,1.6561825839224364,0.22400180304871467,2.4300837162717412,-1.6197583131464857,0.7315939328135348,1.3509542680547828,0.04122713869750173,-2.3822220864465167,-0.18436204790781358,0.5275778060156231
benign_433,benign,val,-4.846384595928173,-2.18793605200436,1.3474790192426518,0.44779645157497683,-0.4846701056684088,0.7146003447389893,0.483264922932284,-0.6779519429288045,-2.701298031199936,-1.6009377069979749,1.8060486192704848,0.7411762264275941,-1.0661810382808445,-0.7508238303432307,-0.33140329229816023
benign_434,benign,train,2.8595023223075793,-0.38952786356487784,-0.11599477138355584,2.3613798034096694,-0.8919593696227234,0.7740984191669527,-2.4269168306116895,0.5757622741986563,0.4121031398231933,-0.056783582125873346,-0.5098509323987808,-1.3487385653596344,-0.2760710850544225,-0.38111618649570433,0.32735091239419095
benign_435,benign,train,-2.2257796084387134,-1.123650306342829,2.5827813916889664,0.6302492996330021,-1.5442514719848512,-1.2994485927330692,0.24286340805841217,-0.006108585345449744,0.39563588581552106,-0.8531341266095265,0.9065868623880707,-0.9334930432443878,0.23797490760360493,-0.30372009260960703,-0.9687646573274931
benign_437,benign,test,1.545403616037034,-3.921492657942839,-0.7584035974239178,-4.083199151935142,-0.26084215304853764,-0.6156899048488635,3.9769343389206817,-0.6390143786446468,-0.9156228470054553,0.825622815736987,-0.09000482207206573,-1.1609035779419121,0.2540066011514891,-0.3727354963161365,-0.44831529458278435
benign_5,benign,val,-4.994481452097784,2.375123705214127,1.764148243695376,1.8084381512301042,0.06495895927178312,0.9762796248422111,0.7953846581206058,-2.365067676910687,-0.6822965322533291,-0.3634789053678871,0.1367276039636686,1.4447117960491038,0.6215562886752544,-0.6522377550643199,-0.32469539555521165
benign_51,benign,train,-7.770683249576746,1.3558206800043577,2.202818096355964,2.0755821297263157,-0.6335656886332693,0.5394631152939964,0.7933844912010473,-0.3767408369195273,-0.04445865783190789,-1.0944428310603131,-2.577282349615368,1.5525716449825486,0.9835032656125525,-0.10536877379885984,-0.14163406561116598
benign_53,benign,train,-2.323456682411873,-6.680623227660597,1.703021728493446,-1.541948951219684,0.12201395118603922,-1.7274075438839522,-1.0721094495521268,-0.8148855790009584,1.308724749692228,0.0526985667040572,0.06721306986472578,-1.0127645541632249,0.6723554425819872,-0.2840765343353295,-0.9559278717336099
benign_56,benign,val,1.4294942848772725,-5.424410879292668,-0.27835023242668483,-1.446573157893926,0.2297597559293296,0.4020025762475152,-1.6187293965757221,1.0716702613463875,0.6571097741369448,1.317564082020457,-0.696650778765299,-0.1290497054277449,0.24329997413536683,0.3352259717710579,-0.3950053571213442
benign_63,benign,test,-2.6351660215927386,-0.5398310536400864,2.4452688995015435,1.0496814268056582,-1.4412149758513537,-0.3846979403437656,0.6172100887240487,0.18166160032087503,-0.857256504982313,0.5329123974994074,0.7437066835062506,-0.39806285010863307,0.5081733934871627,-0.22130096416260364,-0.8987838862075862
benign_64,benign,train,7.284072220212238,0.8180331033398183,-4.821693462722637,4.374231996750242,3.724606102839165,-0.8915305000926722,4.85995372754413,0.46710498676414974,-0.19793637653794258,-1.075343998428694,-0.12181833430619543,0.4158497080921936,-1.0620213426051164,0.8368485061350031,-0.512363387537289
benign_65,benign,train,-1.5485836292905815,-6.141175580432857,1.1721129451485652,-0.486937010023953,-0.7468346631708113,-0.13715496480831707,-1.3341232944666759,-0.3975371244750695,0.8371634522896195,0.9555394215687075,0.5495184130301878,0.4473738191163298,-1.27687304445662,-0.1381157019872783,-0.008282479105624421
benign_66,benign,train,-2.865805288049803,-1.8421633412678906,1.7067930745339221,1.0932435466593748,-0.08270441777248565,1.3113840904551235,-0.890225860105036,-1.0779671149552952,0.9247991205920308,0.6525023660983529,0.21498664812550236,-0.5810693034465514,-0.5654397664493626,0.14237748318875082,0.4430353953718681
benign_67,benign,train,2.621032555958303,-4.006052359265631,-0.5677881540871489,0.47447167552886566,-0.5572464964800639,-0.6113635074102294,-0.03898184971584624,0.4330341487379831,0.8262163119841488,0.2842849012450252,0.6860534896603153,-0.1897547242557888,0.10249651681087123,0.8084624318619495,0.6138952771628472
benign_69,benign,train,-3.5789283128971077,-1.3803369455068366,2.234097404002058,0.9049632208441,-0.846466990338749,0.19010278225638153,0.7173885433342345,0.573883267799585,-0.31324337093467014,0.9706274030748575,-0.9743437300457627,0.4199631033005531,1.0632889633298643,0.16875319882643808,-0.5842885888425722
benign_74,benign,train,-4.4756793431735575,-0.6222489033019105,4.3007561977039686,0.40739333587445925,-0.6322581878205408,1.1046121845525194,0.5265300877595577,-0.6947854107583463,1.8409115313707198,-0.40233159121411044,1.1930431238800006,-1.3014330087906867,-1.7496708195270778,0.16319438569445385,0.6026510057708322
benign_76,benign,train,-1.623602399722926,-5.8953791284651755,0.11043020990114903,-0.06823237076862487,-1.1861746320511355,-1.8897211847132174,-0.5478027892328359,0.13309634687145727,-0.636974730417709,0.9833790252086958,-1.2954878524269795,0.7902505665431702,0.5605666272436377,0.34475961890724277,0.15059515905020915
benign_77,benign,train,-1.0107935968367874,-2.3632280937011556,1.4423517714249943,0.29781694038146844,-1.7222100907149436,0.2764055938222895,-1.2563776765939736,-0.5881969823613744,0.36839418849237276,-0.5629988039940029,0.40579772929383406,-0.5467422374921096,-0.12494309243953332,0.08986266474889042,-0.6307327480899552
benign_78,benign,train,0.062436185741113315,-3.046893479703012,-0.4411826370439573,-3.9508231243021092,-2.193700492565978,0.47488006769157953,2.008123587413172,-2.224800897667659,-1.8779889547163258,0.6413632083709526,-0.8403423510052916,-1.2532646761364563,0.12645165967321723,-0.6854500028449669,-0.5692789627243439
benign_79,benign,test,-3.15783862202544,-9.642459123873618,-1.6239232114701105,-1.9738411082048355,3.9275175924962107,0.9086625183422112,-2.5225857655043042,-1.4242255061883866,-1.110731315710262,0.19886727954036468,0.6617419025882408,0.006421808359473148,0.1388731476534931,0.10379373411529023,-1.0490611041251012
benign_8,benign,train,-2.7381943764350485,-0.5934085046547866,3.8241185695844515,0.46052828966044573,1.653569208189106,-0.630891064440608,1.5570528355709936,-1.431979070987036,1.4369810681242423,0.5844462770576752,0.6970164627259596,-0.46444203412124213,-0.21893607209482274,0.13380117474485287,-0.17000872983837853
benign_81,benign,train,-4.00150407149242,-0.35403888059990585,1.898124575132706,0.9937216696757382,-1.8516418634125122,-0.5787003028662885,0.641342979995773,1.6525759108140612,-1.6762946491705897,-0.3196412438827125,-1.1994489556769619,0.35241472045176053,1.0687719463511658,0.26190143480797323,-0.19983706671804408
benign_82,benign,train,2.986818955704781,1.5614894650011113,-0.6854013850230116,-2.1824057592064334,-2.5431908944763895,-0.3439965021672292,0.42978909694894435,-0.7076423752367631,-0.10718974175481824,1.3166137516192635,0.839153780392598,2.1369834626975495,0.7742020327444098,-0.10125959686375219,0.5886555100639168
benign_84,benign,train,4.475405536125157,-2.7861331913867837,-2.3511678025330682,0.3792315571775612,0.039401588187248024,1.1998768920884162,0.02639833063039473,0.25727601374408376,0.48693767726770476,1.1064460561059792,-0.2100215629600164,0.518778861350673,-0.3553342768510485,1.1333131112025627,-0.21367421077340903
benign_89,benign,test,2.212188535534753,0.7186817775461188,-0.14870311088125673,-3.111410154158633,-1.2705959815079928,2.442101331695798,1.6550167594418552,4.22170219367006,1.739256225092521,2.1239327300404307,1.931215064765637,0.8047304470261754,1.0781124239029685,-1.6809564555395582,1.0582940628734185
benign_91,benign,val,-3.8465509885007902,-4.300254729292923,2.2568250552526625,-0.2898349550261221,-1.1554284890220694,-0.27556058537650885,1.0218760416101653,0.5699411999492526,0.8838283260565496,0.5891462917551294,-0.5285113687800446,-0.281211667984188,-0.11726929416207596,-0.7299085661514755,-0.13586121894645536
benign_97,benign,test,3.378753596599206,-0.9539729602866286,-1.7603124051385943,2.119231924454025,1.9317174106333794,-0.40028529135394764,2.269491971932322,0.8434172627033507,0.315862485714979,-0.24577762053743937,0.6411246673591281,-0.046243439041756804,0.17909928697850536,1.5104822985631654,-1.4951472222178916
malignant_1,malignant,test,4.535613737938273,-0.6328631139323139,-1.5970625396881515,2.2331865045330357,-0.7157798930028716,0.10339958102776681,-0.8709739017222524,0.5762645590335124,0.5658569921291078,-0.6522426004433832,-0.3861958180748858,-0.44513006383689635,-0.4266972268592408,-0.5759633724139727,0.02768356583144196
malignant_10,malignant,train,-7.807573441175893,0.7693102773010235,-0.7558150695223047,1.2904051202669227,0.7069042187601744,3.3791205261286197,0.5281035750658698,-0.5921318789505318,0.557461646431098,-2.232740085495055,-0.30182449420859037,-0.40297760093664065,0.4851683690162617,0.032903178259302585,-0.24215036928589526
malignant_101,malignant,train,3.812556995189355,-0.3885557086280142,-1.6550545321693733,0.13439316706762877,-1.0665042384074408,0.15610451992495084,0.4113815413772857,-0.29482086262590573,-0.1491854010044299,0.042648443288925295,-0.01003778891840597,-0.15578850894874688,0.31673876515688776,0.1722198863286535,-0.26539272998566904
malignant_105,malignant,train,1.6544395804344219,3.2641181004357587,0.10982655500766325,-2.10605825206839,3.431176561996498,-4.201007340593455,-1.6275681952627554,-0.424517733117323,1.392940448670496,-0.832668304194071,-0.2378035398858838,2.303898439254509,-1.282450027410742,-0.4882837616153825,0.6154601905030038
malignant_109,malignant,train,1.0291032008421737,0.10019431819037858,-1.6261494941333083,-3.9217314261608864,1.9234854533195056,1.8239831137522173,0.4171862260599184,-0.7945251113488092,-1.2713827267383209,-0.7571695093165843,-0.08905414570924505,-1.0797526058736648,-0.35879244014341233,0.9232581911496519,0.37575435367879856
malignant_112,malignant,train,-7.619526335279798,-1.0869669306330088,-1.2892052658492033,-0.015090538175145501,1.2974152243258426,2.436279995096,0.7738182115569319,-0.5567684020980858,-0.31118419715450607,-1.694091096531431,0.547463725984406,-0.3927365373492747,0.20313702468256062,0.3639702981284164,-0.854279186739858
malignant_117,malignant,train,0.2792101510429607,1.7188985035872046,0.8371319791145097,0.5965084668169933,-0.3221629569252077,-0.6356948327286415,0.7117904694949685,-0.7621149768829256,0.4597119360749778,1.1699329315053981,0.43427067287198107,0.1255264563979927,0.8344764104366731,0.16850747671471128,-0.05396159378092421
malignant_118,malignant,train,3.077266100548674,-0.3980168892354851,-0.7715174708526177,1.6436534947055361,-0.987746799770552,-1.0000918057148174,0.5320126585746461,-0.12425786507285784,0.25619109395198475,-0.3252639532320725,0.14321869265271592,-0.1857210961426055,-0.26099948895040515,-0.855066654038993,-0.37502288554830815
malignant_119,malignant,train,1.9842473818153235,-0.4981801325380629,-1.1535034019157877,1.9646820431014071,-0.0962792106581606,-0.545089012224284,1.2764050491828944,-0.4139684008256992,-0.4080855704553159,-0.3290080647199427,1.089984029455895,0.42037519232926096,0.6470533329479915,0.5638175325516075,-0.026124776694566886
malignant_12,malignant,train,-3.639828519544033,-2.119309367511491,0.7847975603216739,0.9851270956260577,0.4480793111451823,-0.4044121403254918,0.07956162076269355,-0.018030239533408945,-0.9752626224143551,-1.148381635357821,1.128345453598624,-0.35465915137378573,0.797011076878141,-0.18318573281798045,1.2649021332856623
malignant_124,malignant,train,3.099289304416039,-3.4074569562907597,-2.2873034701238772,2.1130180886262964,-0.1788382228314631,-1.2172808305212315,1.0593621857007725,-1.6284197422377404,-0.49083208988440846,-1.0046472659087562,1.6069151515881042,1.546762439923741,0.2951136849555102,-0.40111731805385054,1.1099674339529297
malignant_128,malignant,train,5.120058400827408,-0.9178064997448352,-3.0548055130433016,2.4727136227639637,0.43056717954279444,-0.1982319115805206,3.134136972986588,-0.6604967254942378,-0.22287720241576664,-0.06764528797136313,0.34688347487274634,-0.07832597273380563,-0.8120996461369707,-0.6797495433135622,-1.5392520277586004
malignant_129,malignant,val,5.264869455475879,-1.561156557712191,-3.2823061390265136,2.521704828908128,1.0062375909565273,-0.3075622546751726,3.227276768809503,-0.7587337764699192,-0.7625894995970249,-0.8736745230840736,0.47660748322500845,0.0863100536364936,-0.6324620671719912,-2.4439307206621597,-0.42682858141420404
malignant_13,malignant,train,2.3303741766024935,0.7143587429095055,-1.7088654730335464,-2.7678792025977157,0.8363840729469965,0.44140599225726773,2.2302753920876075,0.04566876517826564,-0.4463157387814007,-1.198985637871355,-0.5278556888467959,-0.9148338495144933,-0.10108415346692269,0.4609446551165975,0.18446583323509566
malignant_130,malignant,train,1.2727616155863652,-2.2009172258187593,-0.41073331798421187,0.6487753923612299,1.712145835353121,-1.050606659405379,0.4788252922657182,-0.27914324001190916,-0.3170809276555813,-0.6630853278155873,0.8703439834864556,-0.34597836137218546,-0.22291333497262392,-0.5851149282957456,-0.5906528079648167
malignant_133,malignant,train,3.7966836594932047,0.18038690458664802,-1.0796860885157833,2.891742268503955,-0.6425048699830067,-0.10598794212981368,-0.5554279152141922,-0.3058153438177123,0.23291411713545593,-0.021682711687906815,0.0798669576545666,-0.06474503958427374,-0.060319759891466866,-0.6078100518103093,0.6201523251474615
malignant_137,malignant,train,1.7096397010640378,-0.5170970258476583,-0.7951879744923837,0.6245456216986935,-1.387380924000302,-0.14106721162762065,1.3880486022681395,-1.958577850564577,-1.2247981982596619,-0.24726118129953345,0.7564890579068131,-0.2756014434324659,-0.22176000035606874,-1.2803719073659847,0.357244205730598
malignant_138,malignant,train,2.3567054926062223,3.360437853860612,-0.32752999430741736,-0.9189037634476817,-1.6875386873110503,1.2764446989428917,-1.617624929383926,-0.4820570526579377,0.20875003870014083,-0.5907955948183858,-0.4666526034767769,-0.7547837656906857,0.48633588200073197,0.3678948022361591,-0.07179742992683047
malignant_14,malignant,test,0.7830662493556959,2.2392270992875987,0.3784571909932225,1.9703300123055647,-1.0090409211658413,0.4602887496679181,0.42925552576122145,-0.7713167474777058,-0.5665874241354177,0.3972286705297478,0.38618915614065774,0.1790609399821432,0.4403986053199639,-0.33414800043454995,-0.32207789153452215
malignant_140,malignant,train,3.403198126231446,1.9362817415774678,-0.8422765012541281,-1.8501059088602605,-1.0628364182914118,1.0333100558292465,-1.1136325239587004,0.9750983855347135,0.4356035125038337,0.21032541817461217,-0.3305388037235995,-0.21194229869396156,0.11130262717836042,0.018094996217218832,0.29391575120754593
malignant_141,malignant,train,-1.1375756047394026,3.415405087458757,1.1770738066837998,-0.041477065074074705,-0.1449879306788947,1.9608228115657689,0.5939286556961798,0.6252017724412993,0.9721155210981163,0.2262174202653109,-0.30551882827082866,-0.37383000375025943,0.1907388868332894,-0.9512080896504583,-0.10585846996017546
malignant_142,malignant,val,2.858762017748667,-1.0057647449752083,-0.7116844316450432,0.2564975539430435,-1.8193229104122541,-0.73773448877228,-0.29661391448768465,-0.7914456613402104,-0.14085869499595316,-0.43672885613669243,0.5379459734954211,0.11917357766585415,0.5756792134036296,-0.5398117121601549,0.3167405522128648
malignant_150,malignant,test,5.785899192213204,-1.7003616980148188,-2.9474512737362404,1.7747593707256426,-0.04901897608378873,0.45924568195616766,0.09885127810458907,0.46778188013869465,0.018465547269214785,-0.5079955526468194,-0.7838055359560167,-0.2855879839822384,-0.7850756641234581,-0.060383252968712206,-0.03327732792323451
malignant_154,malignant,train,2.45355440064628,1.2397216122760915,-0.19649838534224942,1.59383740277586,0.477817167329589,0.5180880872530169,-2.0202669408424496,0.14757830105492717,0.0002560839840989173,0.29904023434956145,-0.8974335262133175,-0.7842360032196221,0.0026458928109543665,-0.029379074238507857,0.8804846283392863
malignant_156,malignant,train,4.412097084182579,2.6152938283297713,-1.787634330775977,0.06818106215803248,1.1158116435983003,1.92176191303844,-0.8368000979568597,1.4582139309998434,0.2725213733753245,0.5897749646153221,-0.1662502728813822,0.3453173684498882,0.5558158056315463,-0.16862923378257025,0.24239049237532087
malignant_157,malignant,train,4.450541359333313,-1.231278203031431,-2.743436336884882,1.3488529077897138,-0.796510406050338,-0.21209375701134872,1.9079344079342246,-1.4468302501223056,-0.8804352799783451,-0.2819635363956576,0.45964564185497214,0.40744923216438667,-0.11014437695388889,0.7482273255122343,-0.06338860922140714
malignant_159,malignant,train,2.408028316795538,1.0205735509060523,-0.4116202149771404,1.1160824065104205,-0.7496674399727785,-1.1218602962631974,0.4479999741458537,0.13581964465176133,0.29193836717594246,-0.24765286808982853,0.4165263110141374,-0.2208115551488399,0.32163206768456937,-0.14371340780123146,0.06313493245789306
malignant_160,malignant,val,2.980283786910567,3.68211766492032,-0.9091269593230858,-1.694804947641073,-0.9068520333666971,-0.1540277615988515,0.5498949169191415,-1.4312371156206383,-0.39300233673623103,0.3914454057209896,0.629334478852388,0.4647921660450544,0.358008208022944,0.07918418349096366,-0.09126512227598413
malignant_164,malignant,val,6.065129383697997,1.4531985142860169,-2.7806059560073138,3.1214010637035803,-0.28638387941615656,0.17888981271602789,-0.821236043838826,-0.8174128720814836,-0.0700785326713893,-0.8155531483805926,-1.175506239930756,-0.2950708394679315,-0.7990381663882926,-1.228900337849441,0.8497618181419708
malignant_165,malignant,test,1.8686190738433353,2.38503826383411,-0.8540014854939607,-4.040446889594966,-3.7055252674724835,1.1238597332005902,-0.3591829313738224,-1.1492914024228171,-0.36090480292973803,1.0209877612153795,1.006506764329237,1.2777567777202712,0.6264919485650603,-0.0057501032103166065,0.0919014689197022
malignant_166,malignant,train,-1.6936023287356,0.3171087158475473,2.551284178326334,1.0397770627953338,-1.5103765436846381,-1.4477293830241338,-0.04436298182782291,0.13865390273899525,0.07682742009773079,-0.2597677430055753,0.5076636018385394,-0.5895183680327576,0.9180628383055309,0.5417926833205419,0.38921828080275533
malignant_167,malignant,test,3.1643822972486695,-1.826593976728027,-0.5616943010696124,2.1429845805134944,-0.9367951940227973,-0.8627706609396348,-1.2565586713900692,0.3269251109515325,0.48961633223089435,-0.8576453219625148,-0.3971548478038906,-0.42138921448269295,-0.08354685320484784,-0.8878036658097139,0.5443221969733657
malignant_170,malignant,train,4.093534596399602,0.49374870295589135,-1.3368164763335424,1.8326435332558173,0.21519920236543474,-0.06533865677081606,-0.5678512520123788,0.8691283158723937,0.4569483452952086,-0.23563357561531376,-0.3850168571322552,-0.37081167623321293,-0.2202461453703329,-0.3630301843490075,-0.03596877138104265
malignant_171,malignant,train,4.0773001072748984,3.3181437177484536,-1.6940691006042032,-1.844985013558848,-0.07740970516172214,0.14673662752639907,0.4029910311952776,-1.3811030478762063,-0.6195015574974799,0.46938619057654013,-0.08746990354715366,0.44667688454766485,0.030096133495486347,0.886635442399803,0.33684359960294485
malignant_172,malignant,train,2.293055497659881,2.718208837842928,-0.20861865413589975,-1.8829959899435165,-0.09129280801397939,0.8719255009478893,-0.5343084541987535,1.5058175442562793,0.7632396890151527,0.7254757031128702,0.4813476849696612,0.3591442524494799,0.19798728500853888,-0.8693933920315966,0.21515389638545568
malignant_174,malignant,train,3.5610112212480742,3.9492081966986374,-1.126729754957018,0.24182286688176305,1.199185304135164,0.911589876315154,-0.1532196069899387,0.8025236321256415,-0.18968864179572695,0.7909610556502354,0.31836156791514536,0.5288346358744566,0.629118085810433,1.0779673248987056,-0.6130977644940598
malignant_175,malignant,train,3.7768833352698095,-1.1398398078766663,-1.6626806324118915,-0.9948587331710083,-0.937346663752967,0.9477772773073861,-0.389915090833122,-0.19127807678058326,-0.3172708635660746,-0.33432882226646143,0.02272042947142734,-0.30856830916405426,0.6234541747666599,-0.09340287496091552,0.2601178512367085
malignant_176,malignant,train,4.908494079507188,3.248482775538651,-1.764952963921816,1.397483760411087,0.45246145969060864,0.7435812152608615,-0.7215783635803305,0.08217574874371275,-0.2755748457502386,-0.01552841462469765,-0.49633973941806125,-0.30221401822267613,-0.3884429475504368,-0.3399015149333331,-0.08310307264207319
malignant_179,malignant,train,2.765155349198193,4.722644973298509,-0.6464558749233972,-0.724562200622824,-0.6908059313219735,-0.45569693266620603,-0.45479062580230867,-1.1804800711073173,-0.5769766661958631,0.5627696109496639,0.0528825665285188,0.8307855497679922,0.28062438744159596,0.09534692926375127,0.09915676712162683
malignant_18,malignant,train,-0.8893402149747395,3.9657533440221924,1.9635930068548184,0.17978116113178594,-0.19057151514062803,-0.2912126972268747,-0.951744372375051,0.06833102978131576,0.24077623257019937,-0.5692453360270281,0.6670286959942799,-1.0676184248902028,0.1333329196117315,-0.5694940319429177,-0.48434895286468926
malignant_182,malignant,train,3.4408458570773384,3.1857387018084773,-1.2810030961742547,-0.49479612069007023,-1.8445385692584964,-0.3886913209933711,-0.9964024365021164,-1.9370332366081602,-0.6566027841554525,0.14333461486679175,0.28783078934238765,1.110411491453783,0.8123714671176475,0.44328377867405944,0.08753375501519485
malignant_183,malignant,train,3.1359032179289796,-1.442883505745313,-0.9302127542265334,1.9499459256292737,-1.0926225658488582,-0.48860505454820546,-0.46457733099681886,-1.0458462967906106,-0.4120277165759929,-0.2685074979879986,0.3035816543705504,-0.033080818280735134,0.32465967614396274,-0.8934348233617458,0.22873856128582185
malignant_184,malignant,train,3.1067984333710594,-0.828690895218585,-0.962886367321085,0.5413145850605953,-1.6825105953739605,-0.24045450720558004,-1.1321508966930751,-1.1959673731487237,-0.5138241080703263,-0.4139781738084495,0.18384445733367155,-0.06628235462618652,0.17225816047516548,-0.30411832327972177,0.2674172083837639
malignant_185,malignant,train,2.905931250991881,-0.04204325741538653,-0.400522042933776,2.635733319678697,-1.0800023773173932,0.4313153737079347,-0.919147843351047,-0.05132937890182884,-0.032577939346915344,0.1343152027151308,-0.06497764855820133,-0.7790231073146153,-0.059107332317255436,0.0054194050537245035,0.5670565034722932
malignant_188,malignant,train,4.252167908781417,-3.23618140482126,-2.242695610595223,0.339022063660205,-0.19542373378284894,-0.4199625784072649,1.4390860164628445,-0.06863291114442077,-0.17565140119340295,-0.2641476970316665,-0.4879577087491653,-0.8257151427283329,-0.6669362009848729,0.23722247673993382,-0.6303716535681474
malignant_189,malignant,train,3.514724090568659,0.7873479942710959,-1.277961912363577,-1.3237275114661686,-1.0909903533305239,0.3031765262520484,-0.2902649846446894,0.36680626438440794,0.17393937892833455,-0.6072451891540342,0.10183234020270004,0.007100938147299679,0.07035448078492453,0.01578006717155581,0.1142549634612661
malignant_19,malignant,train,2.5865644132632126,-0.20208896349302716,-0.8522399531632874,2.443566182918879,-0.999337196499284,-0.5879539226751034,0.24975965176565856,-1.2349876780051534,-0.42223895955539203,0.28982147218254645,0.3560570228867241,0.14779471568433877,0.633038597778734,-0.6991075207820968,0.07689181280053185
malignant_191,malignant,train,6.676898822362991,3.7745988516173097,-2.9547956143681984,0.7990193560544521,-0.32034111496235207,1.4251862053018758,-2.900203853276527,0.25037534179887566,-0.16346255139636537,-1.4949238767024218,-0.6884277110974805,0.027375326212389976,-0.6369938141267706,0.8972216063858683,-0.4413502934833995
malignant_193,malignant,test,0.9753086459863658,5.309965553202669,1.1041756825590685,0.5244497796138597,1.2355342004013092,-1.0366036278146804,-1.0114166609244328,-0.9958313506166658,-0.11576693061788439,0.87408545825972,0.09921883327697481,-0.03377102090942446,-0.5200934747174997,-0.06625071671727693,0.10749604474025046
malignant_198,malignant,val,5.581251898554174,-3.4646601868360074,-3.2549100585142607,1.8119824568791978,-0.12154990093580334,-1.4877543551684351,2.5219241652280853,-0.0005038594399596391,0.5653801934710497,-0.4270653893549854,-0.8670591959608905,0.4254551884848099,-0.5938719071543745,-0.5163048716662516,-0.003253205904073631
malignant_2,malignant,test,3.4436502485914104,-0.037738584050750555,-3.1783528963590024,-2.27480872178016,-1.8730051883306738,0.2980589599887129,5.312277846849324,-1.828525592574882,-0.8977117606169158,0.2922451211468816,0.43198532749351437,0.4292142887868778,0.5433770395954148,0.25071868442938766,-0.05760111841274922
malignant_200,malignant,val,-1.9247243387008908,2.6568444516072964,2.3346576376827515,0.2775913067055253,0.20127292658513282,0.30074651602027436,1.426364463798727,-0.07012549684960358,-0.3520297772005543,0.4542748607275328,-0.1821019247377603,0.11892962591159813,-0.3602276988989722,0.3360580413582426,-0.2229863411291223
malignant_201,malignant,train,5.726601010630122,-1.7024060616789902,-3.091481605960699,1.289811283742076,-0.6972229899930366,-0.5494579297237153,1.1258056732392983,-0.7544609624855563,-0.18507723181213778,-0.6419635067218378,-0.5259100432750777,0.15198577260014978,-0.19059297486956467,-0.7092386027626648,0.5308338131317023
malignant_203,malignant,train,3.754131994271607,-1.0046710271153168,-1.7520023495435564,-0.7720177621418853,-0.5801456056298359,-0.3877551466569399,0.17626430508289292,-0.8469985822405973,-0.32281043300199314,-0.34305505862991104,0.18804715111583836,0.05783472019851152,0.5586266609249712,0.3937882384831677,0.8379559376926191
malignant_204,malignant,train,1.7770339058186064,1.5247785185724219,0.29254929630447274,-0.6701402764830172,-1.145583226282832,-0.9257446090659607,-0.7566247638270844,0.3836216304606011,-0.3158799956913293,-0.6598516070441804,-0.17161107026019762,-0.6332695936890803,-0.06318227122031277,0.4149292385161578,-0.48909801813276377
malignant_205,malignant,train,5.232507022102723,-4.166653686494264,-3.051365111346148,2.2146246047069273,1.0076694661436365,-1.51908230152878,3.0607049664284225,-1.4349834325265343,-0.20944123186420718,-0.7673120250037166,-0.3957229903017596,-0.35866413572779104,0.182248063389219,-1.2113648540043307,1.1980287708581043
malignant_206,malignant,train,7.090652451262877,-3.164665959966075,-3.9548283194510625,3.5318406755885574,1.4210403311460387,-1.661756405109,3.5879489245149685,0.6527652745278971,0.5445989891045778,-0.650488288877761,-1.0558702643246232,-0.28058515861865846,-1.1420129832642956,0.26422746600012553,0.2777140255726439
malignant_207,malignant,val,2.7950100394138406,4.330944391008538,-0.05667292918859607,1.5328601253799292,0.135590023715723,0.2072532544568243,-1.2911122103081933,0.2131854030267936,-0.24199254376544901,0.44839442290857756,0.2795066188755087,0.12855122364464186,0.16843472282793623,-0.2024699943496464,-0.4436907992498217
malignant_208,malignant,train,6.379863369226796,-6.1727866066813295,-4.465114567784456,-2.8355689003251703,-0.04574880232278486,-1.309856047084146,2.435609394038743,-0.5334569571885789,0.6164255345666475,-0.47165968678172493,-0.8520161425267749,1.2659037263708692,-0.8547006592566221,-0.48445917346704365,0.6185761726316973
malignant_209,malignant,test,0.6464762682802728,3.642543705375201,0.426386029131532,-3.1749563668630914,-1.2502493463180377,0.8033149910546339,0.20660459403977274,-0.6632800329618523,-0.6799949554724238,0.5208767535870292,0.24971293043646337,-0.37778617203948067,0.3380459331944351,-0.09540108055844622,0.2384692206245934
malignant_21,malignant,val,2.9186526202974425,0.1129348705262958,-1.0239915809168725,-4.849070962938381,-3.8859953696353506,-0.07865445294700614,0.3921109942829957,0.01928116077969714,0.2916220275576517,-0.32540767998634873,-0.03473101053440309,0.3278878073617954,0.8805170505815727,0.17744775918732159,-0.14659080722063375
malignant_210,malignant,train,4.376115693465722,-3.016264467745821,-1.652315905393919,1.4049683654416363,-0.967932321623039,-1.0063791178694783,-0.08578321418986821,0.6698242943191749,0.8151605754704646,-0.506623112360958,0.3341504866951059,0.6889016176711945,-0.11149465008350767,-0.6602455407733443,-0.011590885403157364
malignant_22,malignant,train,4.144829427277452,-3.0510310891532764,-2.1149467518631924,1.6485653540476073,0.09226144570461417,-1.2199819325034953,1.841966758731516,-0.931708831718088,-0.24961382048892086,-0.2968395367104018,0.1464213149612237,-0.12802217345900263,0.15677405713371667,-0.5659160272055908,0.09257374807950343
malignant_24,malignant,train,3.1773389651647843,1.1636119647206775,-1.0603677170147705,1.3015633562277982,-0.7453884789361508,-0.18395249593631782,-0.10481368256479266,-1.5403048905938206,-0.521929217185022,0.39016502712786827,0.4591747360234509,0.38242189022142237,0.7537366105634664,-0.5345060335589809,0.6627191378812098
malignant_25,malignant,train,4.392940616463132,-0.1439231351705282,-2.377225592914196,2.387980191471515,-0.9471834592167468,-0.5964718390507558,0.6660390507536862,-2.062963318841896,-0.7589328659643032,0.4223998450758239,0.4538557901950035,1.3137794905418874,0.15084700561065895,-1.0212818303517803,0.5908501186256297
malignant_26,malignant,val,-0.9515048015568048,2.9649580772522452,1.3554743305328392,1.7311353784245254,0.5262815928477013,-0.3383308139274271,-1.525426836195844,-0.45250829496621586,-1.0532034216357757,0.10576948936126464,-0.5972684940588416,-0.8872261682909852,0.2859115734180533,0.23597486211706803,0.013983215546715352
malignant_33,malignant,test,3.7536887582935057,-2.1097543218972037,-1.660963354407266,1.4882363328663242,-1.5030207529440152,-1.2105174800202176,0.18346076139557685,-1.1523583588817503,-0.15676253263756199,-0.532849304984834,-0.3679352344402736,0.26270638906869986,-0.08073448092570593,-0.6086233199407886,0.0921290614294257
malignant_35,malignant,val,4.126620088089475,0.03339574189045923,-1.5850452099790846,-1.1941083391734424,-1.9985236153402988,0.6612023512894574,-0.04331557165906715,0.3801021985426292,0.345728264567406,0.5271206266453675,0.612869480439568,0.8848641065050038,0.5996627779817751,-0.23080349448738793,0.6283745363149106
malignant_36,malignant,train,4.4734780078093594,3.0249893165545987,-1.4861585470493397,1.0921996989985374,0.8243092092214845,-1.123570927249047,-0.09411396836999676,-0.08771639203582711,-0.016777271980021543,-0.579427619576102,-0.45419127078479904,0.017122550890061077,-1.0411842503435997,-0.7245199390472898,-1.9936539975000838
malignant_39,malignant,val,1.760038280730838,0.9816519100113076,0.00900743033019847,1.5084236972338818,-0.781041777072111,-0.70957992436417,-0.05808535320141771,-0.492355464881546,-0.7184374713794817,0.163288144571459,0.27228010034395067,-0.37759253343741,0.13132609187809574,-0.2675722276293361,0.08121868471374524
malignant_41,malignant,train,2.1027651041676263,4.039308586186217,-0.1645681995140305,-2.5258333302477762,0.04069862148462375,0.05802538810960177,0.9438223541373512,0.27924745750738744,0.2836605007814066,0.950660887936326,0.7176467991213589,0.41507683217368385,0.3047247204652592,-0.5714773294879004,0.1256695366137242
malignant_46,malignant,test,1.52611187090831,3.016420483620775,0.5657654857709121,-1.2224684343196723,-1.8658127938089124,0.3361918973976931,-0.7613866678111969,-1.249192869735685,-1.1186207293617996,0.1792896440460986,-0.061043731218244086,-1.2539697063951354,0.13587118320035832,0.4768914811589373,-0.15256488557784906
malignant_47,malignant,test,4.167072186991006,2.4915333411958236,-1.4495771495223395,0.4240054005019734,1.0438644372014279,0.6268846343463449,-1.1675977456245168,0.6364424375837874,0.1848138602711922,-0.2367032169917965,-0.6428946825194665,-0.35950730724013835,-0.5403007713454062,-0.2625927237698641,-0.30898608559283885
malignant_48,malignant,train,0.12114515475812604,2.694219673389266,1.793132456282763,2.0282152998755207,-0.16855459699688585,-0.7867469854048502,-1.6702483705704672,-0.9106993509353729,0.13392116984042732,0.649816498304976,0.7284343443962835,-0.5094030480665606,-0.18665385448942218,-0.057186970850001635,0.10625576877877575
malignant_50,malignant,train,1.004652786813742,3.973777983419587,0.7850707059723001,-0.30880683437963585,0.46075372193204167,-1.4782660764073565,-0.8017257477795582,-0.2756737879473661,-0.48837812439517764,-0.18744891034409503,0.32819227411640234,0.16253861428757932,0.22301041439232763,0.2758233905296476,-0.2876729385983856
malignant_52,malignant,train,2.60103101972786,3.7289812993690545,-0.09854986664253526,1.394883845706541,-0.13779804344399038,0.934635159378516,-2.0194126705252073,1.1112950165162365,-0.040123716064694656,0.3043393494284352,-0.04423483195553405,0.28355367358353223,0.3726875450159205,-0.6765171314229136,-0.037483897669357155
malignant_56,malignant,val,3.404356164425497,-1.5701070568441051,-0.8381688535658387,1.7133595836829891,-0.16660390669728475,-0.24407295101397433,-1.4393024874976674,0.7053010616989601,0.04215713619074007,-0.464483944563592,-0.6502799217336767,-0.9752718467811406,-0.22204157251245352,0.10330705431455292,-0.2704228401002603
malignant_60,malignant,train,3.9224564485430338,-2.7529711321085784,-1.405548092873891,-0.8621639903503358,-2.063967421612742,-1.888796486594927,-0.5868135334668252,0.6815226145452612,0.8851574388459829,-1.09577020887815,0.39351269790103854,0.7094065607168167,0.1335476723740866,1.487301285660313,-0.001809308943168663
malignant_62,malignant,train,3.732613405743925,-0.5853904722797132,-1.7986559344284596,1.3425072651787446,-0.7806803271795156,0.14861889016625288,1.4620158191921298,-0.5199144256732384,-0.31897605641556537,0.19878168324877912,-0.9858370319150777,-0.8143240711124505,0.0020131155987639427,-0.621842701095422,-0.21919756882497518
malignant_65,malignant,train,1.1050174968919186,1.53191881543067,0.44284734049748714,1.097799618780029,-1.331828091443508,0.11907680559341366,0.2949789136452629,-0.34927588577618623,-0.48967318727221265,0.8651601728786631,0.2616293077037727,-0.17210940948670272,0.6771674590367632,-0.37179319508736913,-0.41383083443483437
malignant_66,malignant,train,2.191499705696082,-0.9496760067038363,-0.9254493108285974,-4.062506161899707,-2.906488508577144,0.6378948130361966,1.1338001205347485,0.11043543063613882,-0.6578982851919929,0.2725415224892237,0.4587979782632734,-0.032564232969898695,0.695794676920481,-0.18908469602525338,0.5496415610728026
malignant_67,malignant,val,5.7816093014819225,0.6733459770890423,-2.9875336464010442,-0.747790053505137,-0.8258076893117776,0.8288158792179409,0.39377789148655884,-0.2144363120610975,-0.04731801468817136,-0.30283652669855354,-0.717696847909935,-0.14107335555773287,-0.23893814201286914,0.8227710220167919,-0.07096998151093113
malignant_68,malignant,train,3.962135197607489,2.1129382223061297,-1.2333316087897583,1.1996824597337392,-0.2529812531006195,0.6342366512198198,-1.0741373156195113,1.4994435366259784,0.33649991718424566,-0.8880227993324218,-0.30642523475624256,-0.35709011399879087,-0.21627035139477327,-0.26207364845805475,-0.6909423953519189
malignant_69,malignant,val,0.34003719611113753,2.1858351483189113,0.3454111928327639,1.0144881518163518,-0.6981696882767534,0.4712874662003645,0.3884271838472269,0.19710762591138495,-0.15989977384314685,0.24610227735173812,-0.1359680854681363,0.2807750528574645,0.8084831968965258,-0.1028391561827439,-1.0605110992481663
malignant_7,malignant,train,-0.5021326266667223,0.21511979527138037,1.2068695720394351,1.014105752432625,0.0974797023698751,-1.0189286671357518,-0.05977672080346784,-1.797665637427839,0.32232667101285106,-0.13035361022473163,0.07816599409750775,-0.555153587148256,1.407202154678821,-0.4880519233014914,-0.9131904096739062
malignant_71,malignant,train,4.162991425989609,-2.707494291767138,-2.092362620158825,-0.4772291832623963,-1.5108126893229978,-0.9149573436006473,1.0805916147046808,-0.2930452972101196,0.03519633335720805,-0.7825245330913778,-0.5495363580075308,-0.034839353948394096,-0.44752388128586107,-0.4066931121593226,0.18557499349017223
malignant_72,malignant,train,2.534397003235266,-0.25835864989836216,-0.29764490896334345,1.2732863229652958,-1.5217158094408176,-0.7345465155755487,-0.5748109501688906,0.1473827603425062,0.1878783396510207,-0.20846226172814195,0.497720145036862,0.29468263648937626,0.7812308804619185,-0.3044412469020449,-0.03462631221337745
malignant_76,malignant,val,2.1196026506240484,2.1150171243282796,0.16724089530859404,0.2764094374817355,-0.05162367956538362,0.5226863147329608,-1.2442004927586514,0.5614138056266363,0.4340476832748273,0.30904322259861644,0.3614392397476898,0.05644145471955682,0.43200458909254896,0.1317501599107361,-0.23158038411624726
malignant_77,malignant,train,3.6808157781235376,4.636515736665583,-1.339223267534023,-3.4681953759308635,-1.8704793978173964,0.9353166497349339,-0.7335078378802524,-1.2997290207302656,-0.49405413167815704,-0.3920507106710026,-0.41254422595786816,-0.23857171985831968,0.06306505314570665,0.6574965735020316,-0.26110092566847315
malignant_78,malignant,train,4.869108418132642,4.562543993510242,-1.99241701385853,-2.2314605343022924,-0.863618302376222,1.276554304281912,-0.3023092024690755,-0.015716554849076466,-0.34543416980716507,0.10117101704377783,-0.6100139874378405,-0.0021360548793774616,-0.3989736589269252,0.4589354951315902,-0.38253620200678456
malignant_80,malignant,test,3.1432615054303796,4.716588564323055,-0.8161775238609359,1.0036822981056732,0.6727916357799919,0.8662365973391319,-1.1387964747428454,0.010814593572356842,-0.49321736242530934,0.3804422015811354,0.3418255118734219,0.8622129476756422,0.3938087132417942,0.7201717386567957,-0.6128591439268327
malignant_82,malignant,train,1.8664033098717596,2.196836658840945,-0.18946166650059826,-2.239578807791678,-1.6159706851483153,-0.7411348986643104,-0.5173356565403372,-0.6397812168506424,0.05281796284702777,0.21791615481599566,0.12579541285562282,0.7143515900952792,1.010529986541523,-0.07088925498759116,0.09424094469054843
malignant_83,malignant,val,0.7398708841387821,-2.7150160159065244,-0.8299933944436552,2.2504152417280503,0.3873932352556176,-0.9817494085394445,3.836818130520346,-1.0962021630781889,-0.8354059464261695,-0.8342897660643813,1.8235423569256113,0.40916830193328396,1.3939157474975785,-0.4204689932839548,1.1574167203767085
malignant_85,malignant,train,4.131735399588095,-2.9227006224892853,-1.9566173112578726,0.8303281373848596,-0.0655130453128834,0.016911982551441784,1.5254831138061251,0.651091901645843,0.5442271851124537,0.1384330247944872,0.01514862368074286,-0.18114688055405595,-0.05713919810143595,-0.5938776235153883,0.8418404880052165
malignant_87,malignant,train,1.5009538376094391,2.4573667806468493,0.5667006833004592,2.3425874767516888,-0.4210911464406907,0.2028059341717284,-1.6855078377695032,-0.3970810515024833,0.5247840317111442,0.3130766536871024,-0.37246268750014405,-0.7197013306206801,0.49528684956334695,-0.2468887699025993,-0.1074483789110517
malignant_88,malignant,test,1.9858655775150462,1.3760152387704798,0.29438665315277823,1.7967406776660673,-0.7025130665238093,-0.6553850113901573,-1.188181380069446,0.3287185736570071,0.11432498443859246,0.1317337037763837,-0.11300051177685083,-0.21167268289362076,0.8210461476949525,0.24138818770433787,-0.023127162329191122
malignant_89,malignant,train,4.309035016712396,3.647083793366137,-1.6619606816173187,-1.8225083327235019,-0.5312117922713153,2.1236651395104222,-0.30251809421762216,0.712825132256228,0.17176070503248514,0.907036495658169,-0.08791759076713614,0.31997618780245796,0.5722908213240703,0.17344706168509144,0.31069049502765256
malignant_90,malignant,test,4.078700107801359,-0.43403123807790994,-1.9033548112831296,1.1046759724589645,-1.8501825537373724,-0.08111629642965638,0.28357795145111425,-1.6047539577259602,-0.39244187240665207,-0.11830998035207443,-0.36114017745454835,0.39505513189026226,0.11442694161221369,-0.2605961475170559,0.3641591233681197
malignant_91,malignant,test,3.621010522067221,2.566029441014245,-1.1121956220335067,-0.739517012616729,-1.0830512573203726,-0.7255605211299928,-0.36406560882967626,-0.7986583710495389,0.04609508330362887,-0.31296493341338355,0.03912744568400009,0.5347042172547837,0.26691188692499035,0.03853857289552207,0.15047456097886636
malignant_95,malignant,train,2.9566188378576834,3.3789590948631405,-0.6785814082995117,-1.0585613020086153,-2.1398586568660445,0.4075164989426623,-1.4229774440568022,-0.9084506381685682,-0.9332165134337528,-0.5263086856577627,0.010072743167665347,0.26070952035810757,0.33772250891733663,0.3043485883305686,-0.31091003902223335
malignant_96,malignant,test,3.065551915845907,3.8679338962899883,-0.5916674298817957,-1.3061360535449456,-1.583231652508934,0.366937120819198,-0.7637214343809962,-1.0489580473130395,-0.12505667776103022,-0.3395325401168335,0.08416726809843558,0.20571181189121884,-0.09609762154149662,0.16253753623276432,-0.19152082576938637
malignant_97,malignant,train,3.027579637097979,2.657222495621086,-0.7609992171662447,-1.4917332388428746,-2.7071694359427023,0.6299235507023996,-1.4180676685243083,-1.0777927347767835,0.32573212350641195,-0.47420698218289487,0.13687099590345495,-0.14066547900118195,0.3822282226505772,0.2837816044522336,-0.14716064403131662
malignant_99,malignant,train,-0.12349231671689234,3.413563733014038,1.7962082334910927,0.16306599224204169,0.03170361315528708,-1.99084760736052,-0.6640797117627801,-0.5046348335073871,0.34960636068229695,0.4755893665339515,0.10870567819803839,0.1640581183173536,0.45973356398314075,-0.06748040945120452,-0.014884955502625925
